id,idweb,nature_categorise_libelle,nomacheteur,denomination_acheteur,ville_acheteur,cp_acheteur,code_departement,objet_complet,cpv,titulaire,date_attribution,duree_mois,montant,nb_offre_recu,dateparution,url_avis,completude
17_180234,17-180234,Avis de marché/Concession,Ville de Bar le Duc,Ville de Bar le Duc,BAR LE DUC CEDEX,55012,55,"- Numéro de référence : 2017 Concession du réseau de chaleur urbain.- L'objectif de la présente consultation est l'exploitation d'un réseau de chaleur sur le territoire de la Commune de BAR LE DUC, avec construction d'une chaufferie biomasse.Il s'agit d'exploiter le service public de production, transport et distribution de chaleur avec construction d'une chaufferie biomasse.La COLLECTIVITE confie au DELEGATAIRE l'ensemble des ouvrages existants, ainsi que les installations qui seront réalisées pour permettre la bonne exécution de la présente convention. Dans ce cadre, le DELEGATAIRE aura pour mission d'assurer la fourniture de chaleur aux abonnés dans le respect du principe de continuité du service public et, à cette fin, il devra notamment :. Utiliser, pour l'exécution du service, les biens et équipements d'exploitation nécessaires au fonctionnement du service, appartenant à l'autorité délégante et qui lui seront remis ;. Obtenir toutes autorisations administratives nécessaires à l'exploitation des équipements ;. Renouveler et entretenir l'ensemble des ouvrages et équipements destinés à l'exploitation du service public ;. Concevoir, réaliser et financer les travaux, ouvrages et équipements neufs et ceux de renouvellement ou de modernisation nécessaire ;. Fournir et distribuer la chaleur destinée à la production du chauffage et de l'eau chaude sanitaire dans les sous stations ;. Percevoir les recettes dues par les abonnés.Le DELEGATAIRE prendra en charge un droit d'entrée, dont le montant sera précisé dans les documents de la consultation remis aux candidats admis à présenter une offre.",09323000,,,240,,,2017-12-21,https://www.boamp.fr/pages/avis/?q=idweb:17-180234,1
19_152786,19-152786,Résultat de marché/Concession,Ville d'Héricourt,Ville d'Héricourt,Héricourt,70400,70,"Production, transport et distribution de chaleur comprenant l'exploitation et la gestion de la chaufferie mixte bois/gaz et du réseau de chaleur",09323000,ENGIE COFELY,2019-09-27,72,2304567,3,2019-10-09,https://www.boamp.fr/pages/avis/?q=idweb:19-152786,4
19_111013,19-111013,Résultat de marché/Concession,Ville de Bar le Duc,Ville de Bar le Duc,BAR LE DUC CEDEX,55012,55,"Exploitation d'un réseau de chaleur dans la Commune de BAR LE DUC avec construction d'une chaufferie biomasse.La Commune confie au DELEGATAIRE l'ensemble des ouvrages existants et les installations qui seront réalisées. Il devra notamment :. Utiliser les biens et équipements d'exploitation nécessaires au fonctionnement du service, appartenant à l'autorité délégante qui lui seront remis ;. Obtenir les autorisations administratives nécessaires à leur exploitation. Renouveler et entretenir l'ensemble des ouvrages et équipements destinés à l'exploitation du service. Concevoir, réaliser et financer les travaux, ouvrages et équipements neufs et ceux de renouvellement ou de modernisation nécessaire. Fournir et distribuer la chaleur destinée à la production du chauffage et de l'eau chaude sanitaire dans les sous stations. Percevoir les recettes dues par les abonnés.",09323000,SA ENGIE ENERGIE SERVICES,2019-07-12,240,33976051.3,4,2019-07-17,https://www.boamp.fr/pages/avis/?q=idweb:19-111013,4
17_181065,17-181065,Résultat de marché/Concession,Ville de Bar le Duc,Ville de Bar le Duc,BAR LE DUC CEDEX,55012,55,"Lobjectif de la présente consultation est lexploitation dun réseau de chaleur sur le territoire de la Commune de BAR LE DUC, avec construction dune chaufferie biomasse.",09323000,,,240,,,2017-12-22,https://www.boamp.fr/pages/avis/?q=idweb:17-181065,1
19_73656,19-73656,Avis de marché/Concession,Ville d'Héricourt,Ville d'Héricourt,Héricourt,70400,70,"Production, transport et distribution de chaleur comprenant l'exploitation et la gestion de la chaufferie mixte bois/gaz et du réseau de chaleur",09323000,,,,,,2019-05-10,https://www.boamp.fr/pages/avis/?q=idweb:19-73656,0
22_51792,22-51792,Avis de marché/Concession,Ville d'Avion,Ville d'Avion,Avion,62210,62,"La présente consultation vise à conclure un contrat de concession ayant pour objet la conception, la réalisation et lexploitation dun réseau de chaleur. Le souhait de lAutorité Concédante est de favoriser le développement dénergie renouvelable afin dapporter à un maximum dusagers un coût de chaleur compétitif et pérenne.",09323000,,,231,,,2022-04-08,https://www.boamp.fr/pages/avis/?q=idweb:22-51792,1
22_54083,22-54083,Résultat de marché/Concession,Ville d'Avion,Ville d'Avion,Avion,62210,62,"la présente consultation vise à conclure un  contrat de concession ayant pour objet la conception , la réalisation et l'exploitation d'un réseau de chaleur . Le souhait de l'Autorité Concédante est de favoriser le développement d'énergie renouvelable afin d'apporter à un maximum d'usagers un coût de chaleur compétitif et pérenne",09323000,,,231,,,2022-04-14,https://www.boamp.fr/pages/avis/?q=idweb:22-54083,1
22_97802,22-97802,Avis de marché/Concession,COMMUNE DE LES MARTRES DE VEYRE,COMMUNE DE LES MARTRES DE VEYRE,Les Martres-de-Veyre,63730,63,"La présente consultation concerne la passation d'un contrat de concession de services pour la gestion déléguée du service public de production, le transport et la distribution de chaleur, comprenant l'exploitation et la gestion de la chaufferie collective bois-énergie et du réseau de chaleur de la Ville de Les Martres-de-Veyre.Le concessionnaire aura pour mission :-La création de la chaufferie et son réseau de chaleur-La production, le transport et la distribution de chaleur-L'exploitation et la gestion de la chaufferie collective bois-énergie et du réseau de chaleur-L'entretien et le renouvellement des installations (travaux nécessaires au maintien des installations et ouvrages en bon état de fonctionnement, réparations d'éventuels dommages)-Mise en conformité et sécurité des ouvragesLa gestion et l'exploitation se feront aux risques et périls du concessionnaire.La durée prévisible du contrat est de 30 ans",65200000,,,360,,,2022-07-12,https://www.boamp.fr/pages/avis/?q=idweb:22-97802,1
23_67710,23-67710,Résultat de marché/Concession,COMMUNE DE LES MARTRES DE VEYRE,COMMUNE DE LES MARTRES DE VEYRE,Les Martres-de-Veyre,63730,63,"La présente consultation concerne la passation d'un contrat de concession de services pour la gestion déléguée du service public de production, le transport et la distribution de chaleur, comprenant l'exploitation et la gestion de la chaufferie collective bois-énergie et du réseau de chaleur de la Ville de Les Martres-de-Veyre.Le concessionnaire aura pour mission :-La création de la chaufferie et son réseau de chaleur-La production, le transport et la distribution de chaleur-L'exploitation et la gestion de la chaufferie collective bois-énergie et du réseau de chaleur-L'entretien et le renouvellement des installations (travaux nécessaires au maintien des installations et ouvrages en bon état de fonctionnement, réparations d'éventuels dommages)-Mise en conformité et sécurité des ouvragesLa gestion et l'exploitation se feront aux risques et périls du concessionnaire.La durée prévisible du contrat est de 30 ans",65200000,Beta Energie,2023-04-26,360,142577.13,2,2023-05-17,https://www.boamp.fr/pages/avis/?q=idweb:23-67710,4
22_121768,22-121768,Rectificatif/,COMMUNE DE LES MARTRES DE VEYRE,COMMUNE DE LES MARTRES DE VEYRE,Les Martres-de-Veyre,63730,63,"La présente consultation concerne la passation d'un contrat de concession de services pour la gestion déléguée du service public de production, le transport et la distribution de chaleur, comprenant l'exploitation et la gestion de la chaufferie collective bois-énergie et du réseau de chaleur de la Ville de Les Martres-de-Veyre.Le concessionnaire aura pour mission :-La création de la chaufferie et son réseau de chaleur-La production, le transport et la distribution de chaleur-L'exploitation et la gestion de la chaufferie collective bois-énergie et du réseau de chaleur-L'entretien et le renouvellement des installations (travaux nécessaires au maintien des installations et ouvrages en bon état de fonctionnement, réparations d'éventuels dommages)-Mise en conformité et sécurité des ouvragesLa gestion et l'exploitation se feront aux risques et périls du concessionnaire.La durée prévisible du contrat est de 30 ans",65200000,,,,,,2022-09-09,https://www.boamp.fr/pages/avis/?q=idweb:22-121768,0
17_83654,17-83654,Avis d'intention de conclure/,Ville de Charleville Mézières,Ville de Charleville Mézières,Charleville Mézières,08109,8,DSP de production et de distribution de chaleur sur la zone de Manchester/Citadelle/Port Bussy,09323000,,,,,,2017-06-15,https://www.boamp.fr/pages/avis/?q=idweb:17-83654,0
17_99206,17-99206,Résultat de marché/Concession,Ville de Charleville Mézières,Ville de Charleville Mézières,Charleville-Mézières,08109,8,dsp de production et de distribution de chaleur sur la zone de Manchester/Citadelle/Port Bussy,09323000,DALKIA,2017-06-22,300,53262103,2,2017-07-11,https://www.boamp.fr/pages/avis/?q=idweb:17-99206,4
25_56929,25-56929,Avis de marché/,VILLE HERICOURT,VILLE HERICOURT,,,70,,59,,,,,,2025-05-21,https://www.boamp.fr/pages/avis/?q=idweb:25-56929,0
16_169750,16-169750,Avis d'intention de conclure/,Nantes Métropole,Nantes Métropole,Nantes,44923,44,Réalisation et exploitation d'un réseau de chaleur urbain - Nord-Chézine,"59,61",,,,,,2016-12-16,https://www.boamp.fr/pages/avis/?q=idweb:16-169750,0
16_54707,16-54707,Avis d'intention de conclure/,Ville de Roanne,Ville de Roanne,Roanne,42328,42,Délégation de service public relative au service de production et de distribution de chaleur du réseau 'RN7',"59,60,61",,,,,,2016-04-18,https://www.boamp.fr/pages/avis/?q=idweb:16-54707,0
14_171125,14-171125,Avis de marché/,Nantes Métropole,Nantes Métropole,Nantes,44000,"44,49","Délégation de service public de type concessif régie par les articles L.1411-1 et suivants du code général des collectivités territoriales (CGCT). Le contrat a notamment pour objet :-conception, financement et réalisation de l'ensemble des travaux de premier établissement nécessaires au réseau de chaleur (installations de production, réseaux de distribution primaires, équipements primaires des postes de livraison abonnés) ; -recherche de subventions, montage des dossiers de subvention et obtention des autorisations administratives requises ;-exploitation, entretien, maintenance et renouvellement des installations réalisées ;-gestion de l'approvisionnement en combustible ;-recherche d'usagers ;-fourniture et distribution de chaleur aux usagers ;-gestion des relations contractuelles avec les abonnés (conclusion des polices d'abonnement) ;-perception des redevances auprès des abonnés ;-ensemble des contrôles techniques réglementaires nécessaires.En 2013 :réalisation d'une étude de faisabilité sur les quartiers du Bout des Landes,Boissière,Bois St Louis et Breil (a confirmé l'intérêt d'un réseau de chaleur sur ce secteur).En plus de ces secteurs,le délégataire devra intégrer les quartiers Cholière,Plaisance, Bigeotière, Sillon (communes de St Herblain,Nantes,Orvault). Montant des investissements estimés dans l'étude : 20 millions euro. Le périmètre envisagé étant plus étendu et des solutions innovantes étant attendues, ce montant pourra être différent. Date approximative de prise d'effet de la délégation : 1/07/16","59,406",,,,,,2015-03-11,https://www.boamp.fr/pages/avis/?q=idweb:14-171125,0
16_2823,16-2823,Avis de marché/,SIEEEN,SIEEEN,Nevers Cedex,58027,58,"DSP par affermange du réseau de chaleur de La Charité-sur-LoireConfier la fourniture, le transport et la distribution de chaleur sur le périmètre concerné par le projet ; le réseau de chaleur sera alimenté de façon majoritaire par des énergies renouvelables.",09323000,,,,,,2016-01-15,https://www.boamp.fr/pages/avis/?q=idweb:16-2823,0
15_179775,15-179775,Avis d'intention de conclure/,Communauté Urbaine Toulouse Métropole,Communauté Urbaine Toulouse Métropole,TOULOUSE CEDEX 5,31505,31,réalisation et exploitation d'un réseau de chaleur et de froid,406,,,,,,2015-11-30,https://www.boamp.fr/pages/avis/?q=idweb:15-179775,0
16_108231,16-108231,Avis d'intention de conclure/,Ville de Blois,Ville de Blois,Blois Cedex,41012,41,Délégation de service public relative au réseau de chaleur des Provinces/Laplace,09323000,,,,,,2016-07-22,https://www.boamp.fr/pages/avis/?q=idweb:16-108231,0
16_117139,16-117139,Résultat de marché/,Ville de Blois,Ville de Blois,Blois Cedex,41012,41,Délégation de service public relative au réseau de chaleur des Provinces/Laplace,09323000,,,,,,2017-01-09,https://www.boamp.fr/pages/avis/?q=idweb:16-117139,0
16_9377,16-9377,Avis de marché/,SIEEEN,SIEEEN,Nevers Cedex,58027,58,"DSP par affermange du réseau de chaleur de La Charité-sur-LoireConfier la fourniture, le transport et la distribution de chaleur sur le périmètre concerné par le projet ; le réseau de chaleur sera alimenté de façon majoritaire par des énergies renouvelables.",09323000,,,,,,2016-01-21,https://www.boamp.fr/pages/avis/?q=idweb:16-9377,0
17_2076,17-2076,Avis d'intention de conclure/,CA VAL D EUROPE AGGLOMERATION,CA VAL D EUROPE AGGLOMERATION,Marne la vallée,77701,77,"Délégation de service public pour la conception, réalisation et exploitation d'un réseau de chaleur",59,,,,,,2017-01-05,https://www.boamp.fr/pages/avis/?q=idweb:17-2076,0
21_155791,21-155791,Avis de marché/Concession,ville de Clichy-sous-bois,ville de Clichy-sous-bois,Clichy-sous-Bois,93390,93,La présente consultation a pour objet de confier à un délégataire lexploitation du réseau de chaleur de Clichy sous Bois dans le cadre dune concession dune durée de 3 ans.,09323000,,,36,,,2021-12-20,https://www.boamp.fr/pages/avis/?q=idweb:21-155791,1
22_90666,22-90666,Résultat de marché/Concession,ville de Clichy-sous-bois,ville de Clichy-sous-bois,Clichy-sous-Bois,93390,93,Concession pour l'exploitation du réseau de chaleur de la ville de Clichy-sous-Bois ,09323000,société Dhuysienne de Chaleur,2022-06-27,36,13518364,1,2022-06-30,https://www.boamp.fr/pages/avis/?q=idweb:22-90666,4
23_106956,23-106956,Avis de marché/Concession,MOSELIS OPH MOSELLE,MOSELIS OPH MOSELLE,METZ,57071,57,La présente consultation a pour objet de confier à un concessionnaire la conception et la réalisation des travaux de premier établissement et l'exploitation d'un réseau de distribution de chaleur appartenant à l'Oph Moselis alimentant le quartier de St Pierre-Miliaire de la commune de Thionville dans le cadre d'une concession d'une durée de 20 ans.Cf. Note d'informations,45232140,,,239,,,2023-07-26,https://www.boamp.fr/pages/avis/?q=idweb:23-106956,1
11_288309,11-288309,Avis d'intention de conclure/,Ville de Brive-la-Gaillarde,Ville de Brive-la-Gaillarde,Brive,19100,19,Délégation de service public pour la construction et l'exploitation d'un réseau de chaleur biomasse.,09323000,,,,,,2016-11-16,https://www.boamp.fr/pages/avis/?q=idweb:11-288309,0
15_41206,15-41206,Avis d'intention de conclure/,Communauté Urbaine de Bordeaux,Communauté Urbaine de Bordeaux,Bordeaux,33076,33,"Le contrat de délégation de service public porte sur l'exploitation du service de production de transport et de distribution de chaleur au sein du quartier de Saint-Jean Belcier ainsi que sur une partie de conception et de réalisation des installations. L'offre retenue comporte également une option, que l'autorité délégante a levée, relative à la réalisation d'un réseau de froid et à l'exploitation du service public de production, de transport et de distribution de froid au sein de la zone d'aménagement concerté de Saint-Jean Belcier.",406,,,,,,2015-04-13,https://www.boamp.fr/pages/avis/?q=idweb:15-41206,0
16_84268,16-84268,Avis de marché/Concession,Ville de Limoges,Ville de Limoges,Limoges,87000,87,"Conformément aux avis du Comité Technique et de la Commission Consultative des Services Publics Locaux, le Conseil Municipal de la Ville de Limoges a, par délibération en date du 2 juin 2016, approuvé le recours à la délégation du service public pour l'exploitation du réseau de chaleur.Il s'agit d'un contrat de délégation de service public sous forme de concession dans les conditions fixées par le Décret no 2016-86 du 1er février 2016 relatif aux contrats de concession et conformément lOrdonnance no 2016-65 du 29 janvier 2016 relative aux contrats de concession ainsi que les articles L1411-1 et suivants et R1411-1 et suivants du code général des collectivités territoriales.",09323000,,,60,,,2016-06-16,https://www.boamp.fr/pages/avis/?q=idweb:16-84268,1
19_99583,19-99583,Résultat de marché/Concession,VILLE DE LORIENT,VILLE DE LORIENT,LORIENT,56100,56,"Les missions du délégataire sont notamment la conception et la réalisation dune chaufferie biomasse, la création et le développement dun réseau de distribution de chaleur sur le périmètre de la délégation (Lanveur), la livraison de chaleur aux abonnés, la gestion, lentretien, la maintenance et le renouvellement des ouvrages et des équipements du chauffage urbain et lapprovisionnement en bois dans le cadre de filières gérées durablement.",65400000,SOCIETE PUBLIQUE LOCALE BOIS ENERGIE RENOUVELABLE,2019-06-27,360,8445000,1,2019-08-12,https://www.boamp.fr/pages/avis/?q=idweb:19-99583,4
23_136606,23-136606,Avis de marché/Concession,Ville de Fourmies,Ville de Fourmies,FOURMIES,59611,59,"Conception, réalisation et exploitation d'un réseau de chauffage en urbain sous la forme d'une concession de service public",09323000,,,288,,,2023-10-11,https://www.boamp.fr/pages/avis/?q=idweb:23-136606,1
23_143745,23-143745,Résultat de marché/Concession,Ville de Fourmies,Ville de Fourmies,FOURMIES,59611,59,"Concession de Service Public ayant pour objet la production, la fourniture, le transport et la distribution de chaleur majoritairement issue d'énergies renouvelables sur la Ville de Fourmies via la réalisation d'un réseau de chaleur ",09323000,,,288,,,2023-10-13,https://www.boamp.fr/pages/avis/?q=idweb:23-143745,1
17_178768,17-178768,Avis de marché/Concession,Ville du Havre,Ville du Havre,Le Havre Cedex,76084,76,"Contrat  de délégation de service public, sous forme concessive, de la conception, de la construction, du financement, de la maintenance, de l'entretien et de l'exploitation d'un service public de distribution de chaleur (approvisionnement des usagers en chauffage et eau chaude sanitaire) pour une durée de 288 mois. Réseau long de près de 9.5 km, dessert environ 110 sous-stations, est alimenté à partir d'une chaufferie centrale vapeur fonctionnant au gaz naturel (puissance totale chaudières 48 MW th.) et d'une centrale de cogénération équipée d'une turbine à gaz de 10.5 MWél. (Puissance environ 14 MW th.) et qui dispose dun contrat dobligation dachat de lélectricité produite de type c13 dont léchéance arrive en janvier 2025. Le délégataire actuel emploie 4 ETP. La valeur de reprise des amortissements de la cogénération par le futur délégataire est estimée à 2 407 000 euro auxquels sajoutent les frais dAMO pour la procédure de passation de la présente DSP (environ 160 000 euro TTC). La date de début d'exécution des prestations est le 1er octobre 2018.",09323000,,,288,,,2018-01-02,https://www.boamp.fr/pages/avis/?q=idweb:17-178768,1
15_58006,15-58006,Avis d'intention de conclure/,Ville d'Angers,Ville d'Angers,Angers cedex 02,49020,49,"Délégation de service public pour le réseau de chaleur du quartier de la Roseraie à Angers. Le délégataire aura pour mission : 1°) la production, la distribution d'énergie thermique à partir d'une chaufferie d'appoint mixte Gaz /fioul domestique, ainsi que l'achat de chaleur à la centrale de cogénération biomasse Biowatts. A ce titre, il devra assurer l'exploitation : - de la chaufferie, en intégrant la fourniture d'énergie, la maintenance du site (petite maintenance ou remplacement d'équipements), des chaudières et leurs périphériques, ainsi que le suivi du volet environnemental, - des réseaux sous voirie et les antennes alimentant les bâtiments, - des sous-stations dans chacun de ces bâtiments. Le délégataire devra répondre aux besoins d'optimisation des températures retours que nécessite la cogénération biomasse de la centrale Biowatts (condenseurs). 2°) la vente d'énergie et la gestion des abonnés publics ou privés, en veillant à la continuité de service de fourniture de chaleur et à l'information des abonnés et des usagers sur la vie de ce réseau de chauffage. Il devra veiller à ce que les abonnés paient le juste prix nécessaire, et devra donc avoir une forte vigilance sur les consommations en cas de dérive ou de consommations anormalement élevées.La Ville attend de son futur délégataire qu'il soit force de proposition pour l'optimisation des équipements production/distribution thermique en exploitation.",09323000,,,,,,2015-04-28,https://www.boamp.fr/pages/avis/?q=idweb:15-58006,0
16_90784,16-90784,Avis de marché/,Ville de Limoges,Ville de Limoges,Limoges,87000,87,Réseau de chaleur de Limoges - Quartier de Beaubreuil - Renouvellement de la Délégation de Service Public.,09323000,,,,,,2016-06-20,https://www.boamp.fr/pages/avis/?q=idweb:16-90784,0
15_58088,15-58088,Résultat de marché/,Ville d'Angers,Ville d'Angers,Angers cedex 02,49020,49,"Délégation de service public pour le réseau de chaleur du quartier de la Roseraie à Angers. Le délégataire aura pour mission :1°) la production et la distribution d'énergie thermique à partir d'une chaufferie d'appoint mixte Gaz / fioul domestique, ainsi que l'achat de chaleur à la centrale de cogénération biomasse Biowatts. A ce titre, il devra assurer l'exploitation :- de la chaufferie, en intégrant la fourniture d'énergie, la maintenance du site (petite maintenance ou remplacement d'équipements), des chaudières et leurs périphériques, ainsi que le suivi du volet environnemental,- des réseaux sous voirie et les antennes alimentant les bâtiments,- des sous-stations dans chacun de ces bâtiments.Le délégataire devra répondre aux besoins d'optimisation des températures retours que nécessite la cogénération biomasse de la centrale Biowatts (condenseurs).2°) la vente d'énergie et la gestion des abonnés publics ou privés, en veillant à la continuité de service de fourniture de chaleur et à l'information des abonnés et des usagers sur la vie de ce réseau de chauffage. Il devra veiller à ce que les abonnés paient le juste prix nécessaire, et devra donc avoir une forte vigilance sur les consommations en cas de dérive ou de consommations anormalement élevées.La Ville d'Angers attend de son futur délégataire qu'il soit force de proposition pour l'optimisation des équipements production/distribution thermique en exploitation.",09323000,,,,,,2015-05-29,https://www.boamp.fr/pages/avis/?q=idweb:15-58088,0
15_148980,15-148980,Avis de marché/,Grand Troyes,Grand Troyes,troyes,10000,10,Délégation de service public relative à la gestion du réseau de chaleur des Chartreux à Troyes,09323000,,,,,,2015-11-12,https://www.boamp.fr/pages/avis/?q=idweb:15-148980,0
15_186639,15-186639,Avis de marché/,Université Lille 1 Sciences et Techno,Université Lille 1 Sciences et Techno,Villeneuve d'ascq,59650,59,procédure de consultation pour l'exploitation d'un réseau de chaleur sous la forme d'une concession de service public,"59,406",,,,,,2015-12-15,https://www.boamp.fr/pages/avis/?q=idweb:15-186639,0
16_116900,16-116900,Résultat de marché/,Grand Troyes,Grand Troyes,troyes,10000,10,Délégation de service public relative à la gestion du réseau de chaleur des Chartreux à Troyes,09323000,,,,,,2016-08-03,https://www.boamp.fr/pages/avis/?q=idweb:16-116900,0
18_99545,18-99545,Résultat de marché/Concession,Ville du Havre,Ville du Havre,Le Havre Cedex,76084,76,"Contrat de délégation de service public, sous forme concessive, de la conception, de la construction, du financement, de la maintenance, de l'entretien et de l'exploitation du service public de distribution de chaleur (approvisionnement des usagers en chauffage et eau chaude sanitaire) pour une durée de 288 mois",09323000,,2018-07-09,288,249900000.00,4,2018-07-25,https://www.boamp.fr/pages/avis/?q=idweb:18-99545,3
23_87775,23-87775,Avis de marché/Concession,Commune de Gruissan,Commune de Gruissan,GRUISSAN,,11,"La concession a pour objet le financement, la conception, la réalisation et lexploitation dun réseau deau tempérée ainsi que la mise en uvre déquipements de production de chaleur et/ou de froid pour assurer la production, le transport et la distribution de la chaleur et éventuellement de froid sur une partie du territoire de la Ville.",09323000,,,,,,2023-07-10,https://www.boamp.fr/pages/avis/?q=idweb:23-87775,0
15_40366,15-40366,Avis d'intention de conclure/,Ville d'Evreux,Ville d'Evreux,Evreux,27000,27,"délégation de service public avec prise en charge par le délégataire de la part non amortie des investissements réalisés, en application des articles L. 1411-1 et suivants et R.1411-1 et suivants du Code général des collectivités territorialesLe délégataire sera rémunéré substantiellement par les ressources tirées de l'exploitation du service public du réseau de chaleur.Le Délégataire assurera à ses risques et périls les missions suivantes :- la production d'énergie calorifique (chaleur) à partir des chaufferies existantes ;- le transport et la distribution d'énergie calorifique jusqu'aux locaux des abonnés sur le périmètre délégué ;- la production d'eau de chauffage et d'eau chaude sanitaire pour tous usages dans les sous-stations des abonnés ;- la prise en charge, dans l'état où il se trouve, de l'ensemble des ouvrages et des équipements du réseau de chauffage urbain appartenant à la Ville d'evreux ; ces ouvrages concernent aussi bien les ouvrages existants, qui seront mis à la disposition du délégataire, que les ouvrages qui s'y ajouteront éventuellement, en cours de délégation ;- réaliser l'ensemble des contrôles techniques réglementaires nécessaires ;- gérer les relations avec les abonnés ;- conclure les polices d'abonnement et percevoir les redevances auprès des abonnés.","59,406",,,,,,2015-03-18,https://www.boamp.fr/pages/avis/?q=idweb:15-40366,0
16_106606,16-106606,Avis de marché/Concession,Ville du Havre,Ville du Havre,Le Havre Cedex,76084,76,"Contrat de délégation de service public, sous forme concessive, de la conception, de la construction, du financement, de la maintenance, de l'entretien et de l'exploitation d'un service public de distribution de chaleur (approvisionnement des usagers en chauffage et eau chaude sanitaire) pour une durée de 288 mois maximum. Réseau long de près de 9.5 km, dessert environ 109 sous-stations, est alimenté à partir d'une chaufferie centrale vapeur fonctionnant au gaz naturel (puissance totale chaudières 48 MW th.) et d'une centrale de cogénération équipée d'une turbine à gaz de 10.5 MWél. (Puissance environ 14 MW th.) et qui dispose dun contrat dobligation dachat de lélectricité produite de type c13 dont léchéance arrive en janvier 2025. Le délégataire actuel emploie 6,5 ETP. La valeur de reprise des amortissements de la cogénération par le futur délégataire est estimée à 2 770 000 euros auxquels sajoutent les frais dAMO pour la procédure de passation de la présente DSP",09323000,,,288,,,2016-07-21,https://www.boamp.fr/pages/avis/?q=idweb:16-106606,1
16_58534,16-58534,Résultat de marché/,Ville de CLICHY LA GARENNE,Ville de CLICHY LA GARENNE,Clichy,92110,92,"La présente délégation a pour objet la production, le transport, la distribution et la vente d'énergie calorifique aux abonnés du réseau de chaleur sur le territoire de Clichy la Garenne. Les principales caractéristiques des prestations sont les suivantes : - l'exploitation et le maintien en parfait état de fonctionnement des ouvrages et équipements de production de chaleur, du réseau et des sous-stations jusqu'en limite de sous-station, - les travaux de maintenance, gros entretien et renouvellement des équipements existants et à construire, - l'installation de compteurs d'énergie en sous station, - la continuité de la fourniture d'énergie calorifique (chauffage et eau chaude sanitaire) - l'approvisionnement en énergies. Le délégataire fera son affaire de la contractualisation des approvisionnements d'énergie renouvelable et de récupération de manière à faire bénéficier aux abonnés d'une TVA réduite sur l'ensemble de la facture, - la gestion des relations contractuelles avec les abonnés et notamment la conclusion des polices d'abonnement avec ces derniers, - la facturation de la chaleur (R1 + R2) auprès des abonnés du service, la rémunération du délégataire sera substantiellement liée aux résultats de l'exploitation du service","59,406",,,,,,2016-04-25,https://www.boamp.fr/pages/avis/?q=idweb:16-58534,0
15_54543,15-54543,Résultat de marché/,Ville d'Evreux,Ville d'Evreux,Evreux,27000,27,"délégation de service public avec prise en charge par le délégataire de la part non amortie des investissements réalisés, en application des articles L. 1411-1 et suivants et R.1411-1 et suivants du Code général des collectivités territorialesLe délégataire sera rémunéré substantiellement par les ressources tirées de l'exploitation du service public du réseau de chaleur.Le Délégataire assurera à ses risques et périls les missions suivantes :- la production d'énergie calorifique (chaleur) à partir des chaufferies existantes ;- le transport et la distribution d'énergie calorifique jusqu'aux locaux des abonnés sur le périmètre délégué ;- la production d'eau de chauffage et d'eau chaude sanitaire pour tous usages dans les sous-stations des abonnés ;- la prise en charge, dans l'état où il se trouve, de l'ensemble des ouvrages et des équipements du réseau de chauffage urbain appartenant à la Ville d'evreux ; ces ouvrages concernent aussi bien les ouvrages existants, qui seront mis à la disposition du délégataire, que les ouvrages qui s'y ajouteront éventuellement, en cours de délégation ;- réaliser l'ensemble des contrôles techniques réglementaires nécessaires ;- gérer les relations avec les abonnés ;- conclure les polices d'abonnement et percevoir les redevances auprès des abonnés.","59,406",,,,,,2015-04-13,https://www.boamp.fr/pages/avis/?q=idweb:15-54543,0
16_21979,16-21979,Avis de marché/,Université Lille 1 Sciences et Techno,Université Lille 1 Sciences et Techno,Villeneuve d'ascq,59650,59,procédure de consultation pour l'exploitation d'un réseau de chaleur sous la forme d'une concession de service public,"59,406",,,,,,2016-02-15,https://www.boamp.fr/pages/avis/?q=idweb:16-21979,0
15_170441,15-170441,Avis de marché/,Ville de CLICHY LA GARENNE,Ville de CLICHY LA GARENNE,Clichy,92110,"92,75","La présente délégation a pour objet la production, le transport, la distribution et la vente d'énergie calorifique aux abonnés du réseau de chaleur sur le territoire de Clichy la Garenne.Les principales caractéristiques des prestations envisagées sont les suivantes :- l'exploitation et le maintien en parfait état de fonctionnement des ouvrages et équipements de production de chaleur, du réseau et des sous-stations jusqu'en limite de sous-station,- les travaux de maintenance, gros entretien et renouvellement des équipements existants et à construire,- l'installation de compteurs d'énergie en sous station,- la continuité de la fourniture d'énergie calorifique (chauffage et eau chaude sanitaire) - l'approvisionnement en énergies. Le délégataire fera son affaire de la contractualisation des approvisionnements d'énergie renouvelable et de récupération de manière à faire bénéficier aux abonnés d'une TVA réduite sur l'ensemble de la facture,- la gestion des relations contractuelles avec les abonnés et notamment la conclusion des polices d'abonnement avec ces derniers,- la facturation de la chaleur (R1 + R2) auprès des abonnés du service, la rémunération du délégataire sera substantiellement liée aux résultats de l'exploitation du service.","59,406",,,,,,2015-11-30,https://www.boamp.fr/pages/avis/?q=idweb:15-170441,0
23_95468,23-95468,Résultat de marché/Concession,Ville d'ABBEVILLE,Ville d'ABBEVILLE,ABBEVILLE,,80,"délégation de service public pour lapprovisionnement du réseau, le transport et la distribution de chaleur aux usagers au moyen du réseau de distribution de chaleur, et également le financement, la conception et la réalisation de nouveaux ouvrages et leur exploitation, ainsi que le renouvellement de lensemble des ouvrages nécessaires au service public, destinées à la production et à la distribution de chauffage mais aussi la préparation de leau chaude sanitaire. La gestion et lexploitation du réseau de chaleur.",50721000,DALKIA,2023-06-14,240,50000000,1,2023-07-06,https://www.boamp.fr/pages/avis/?q=idweb:23-95468,4
17_149807,17-149807,Résultat de marché/Concession,Ville du Havre,Ville du Havre,Le Havre,76600,76,Délégation de service public provisoire du réseau de distribution de chaleur du quartier de Caucriauville au Havre,09323000,Société RESOCEANE,2017-09-18,13,7738000.00,1,2017-10-27,https://www.boamp.fr/pages/avis/?q=idweb:17-149807,4
15_115220,15-115220,Avis de marché/,Ville de Brive-la-Gaillarde,Ville de Brive-la-Gaillarde,Brive cedex,19312,19,Délégation de service public pour la construction et l'exploitation d'un réseau de chaleur biomasse,09323000,,,,,,2015-07-27,https://www.boamp.fr/pages/avis/?q=idweb:15-115220,0
17_10270,17-10270,Résultat de marché/Concession,Nantes Métropole,Nantes Métropole,Nantes Cedex 9,44923,44,"Délégation de service public de type concessif régie par les articles L.1411-1 et suivants du code général des collectivités territoriales (CGCT). Le contrat a notamment pour objet :la conception, le financement et la réalisation de lensemble des travaux de premier établissement nécessaires au réseau de chaleur (installations de production, réseaux de distribution primaires, équipements primaires des postes de livraison abonnés) ; la recherche de subventions, le montage des dossiers de subvention et l'obtention des autorisations administratives requises ;l'exploitation, l'entretien, la maintenance et le renouvellement des installations réalisées ;la gestion de l'approvisionnement en combustible ;la recherche d'usagers ;la fourniture et la distribution de chaleur aux usagers ;la gestion des relations contractuelles avec les abonnés (conclusion des polices dabonnement) ;la perception des redevances auprès des abonnés ;lensemble des contrôles techniques réglementaires nécessaires.La durée du contrat est de 20 ans à compter de la mise en service du réseau compte tenu de la durée d'amortissement prévisible des installations à construire.",09323000,IDEX Infra,2016-12-16,240,107251894,3,2017-01-23,https://www.boamp.fr/pages/avis/?q=idweb:17-10270,4
20_81149,20-81149,Résultat de marché/Concession,VILLE DE LORIENT,VILLE DE LORIENT,LORIENT,56315,56,"Les missions du délégataire sont notamment la conception et la réalisation d'une chaufferie biomasse, la création et le développement d'un réseau de distribution de chaleur sur le périmètre de la délégation (Bodélio), la livraison de chaleur aux abonnés, la gestion, l'entretien, la maintenance et le renouvellement des ouvrages et des équipements du chauffage urbain et lapprovisionnement en bois dans le cadre de filières gérées durablement.",65400000,Société publique locale Bois Energie Renouvelable,2020-02-13,360,11986565,1,2020-06-30,https://www.boamp.fr/pages/avis/?q=idweb:20-81149,4
16_175615,16-175615,Résultat de marché/,Ville de Brive-la-Gaillarde,Ville de Brive-la-Gaillarde,Brive cedex,19312,19,Délégation de service public pour la construction et l'exploitation d'un réseau de chaleur biomasse.Parutions initiales : Date d'envoi au JOUE : 24 juillet 2015 BOAMP: Mise en ligne du 27 juillet 2015 au 21/09/2015.- Le Moniteur des travaux publics du 31 juillet 2015- JOUE du 05 août 2015Parutions avis intention de conclure : BOAMP: Mise en ligne du 16 novembre 2016.Le Moniteur des travaux publics du 25 novembre 2016 JOUE du 26 novembre 2016.,09323000,,,,,,2017-01-25,https://www.boamp.fr/pages/avis/?q=idweb:16-175615,0
15_58604,15-58604,Avis de marché/,Ville de Roanne,Ville de Roanne,Roanne,42328,42,"L'objet principal du futur contrat est de confier au délégataire la mission d'améliorer et de gérer le réseau de chaleur "" RN7 "". Le contrat porte notamment sur la construction d'une nouvelle chaufferie.La Ville souhaite préserver la continuité de service auprès des abonnés existants et favoriser l'attractivité du réseau auprès de futurs abonnés.La Ville s'inscrit de plus dans une démarche de développement durable et souhaite que le réseau de chaleur soit alimenté en majorité par de l'énergie renouvelable issue de biomasse.Les caractéristiques des prestations que devra assurer l'entreprise délégataire sont principalement les suivantes :- la conception et la réalisation des installations nécessaires au service, notamment la ou les chaudières biomasse, la modernisation du réseau et des sous-stations, ainsi que les nouvelles extensions et raccordements ;- la fourniture de chaleur correspondant à la puissance souscrite par les abonnés ;- le fonctionnement, la surveillance, l'entretien, la maintenance et le renouvellement des installations du service, incluant les travaux de réparation des canalisations ;- les relations du service avec les abonnés, y compris la conclusion des polices d'abonnement, la facturation et la perception des redevances ;- les contrôles techniques règlementaires nécessaires ;- la fourniture à la Ville de conseils, avis et mises en garde sur toutes les questions intéressant le réseau de chaleur, son classement éventuel, la bonne marche de l'exploitation et la qualité globale du service ;- la tenue à jour des plans et de l'inventaire technique des immobilisations.La durée de la délégation de service public sera de 24 ans, avec une prise d'effet prévisionnelle au 1er Juillet 2016. Cette date est indicative et n'engage pas la Collectivité","59,406",,,,,,2015-04-16,https://www.boamp.fr/pages/avis/?q=idweb:15-58604,0
16_71877,16-71877,Résultat de marché/,Le Mans Métropole,Le Mans Métropole,Le Mans cedex 9,72039,72,la convention temporaire a pour objet :- de prolonger les engagements de la DSP initiale pour une durée de 7 mois et 26 jours jusqu'au 30 septembre 2016 ;- la prise en compte des nouvelles conditions du crédit-bail,"59,249",,,,,,2016-07-13,https://www.boamp.fr/pages/avis/?q=idweb:16-71877,0
19_2381,19-2381,Avis de marché/Concession,COMMUNE DE GIRONDE SUR DROPT,COMMUNE DE GIRONDE SUR DROPT,Gironde sur Dropt,33190,33,"La commune de Gironde sur Dropt exploite un réseau de chaleur doté dune chaudière biomasse. La commune envisage de déléguer lexploitation de ce réseau à un organisme habilité. La Commune sest orientée vers le choix dune concession de service sous forme de délégation de service public visant à confier, pour une durée denviron 20 ans, à un exploitant la gestion, lexploitation et la maintenance de la chaufferie bois et de son réseau de chaleur associé en application des articles L.1411-1 et suivants du Code Général des Collectivités Territoriales.",71314200,,,240,,,2019-01-21,https://www.boamp.fr/pages/avis/?q=idweb:19-2381,1
15_127876,15-127876,Avis de marché/,Commune de Rueil-Malmaison,Commune de Rueil-Malmaison,Rueil-malmaison cedex,92501,92,"La délégation de service public (DSP), qui prend la forme d'un contrat de concession, porte sur la création et l'exploitation, aux risques et périls du délégataire, du service public de production et de distribution d'énergie calorifique de la ZAC de l'Arsenal sur la commune de Rueil-Malmaison.","59,61,406",,,,,,2015-08-18,https://www.boamp.fr/pages/avis/?q=idweb:15-127876,0
15_58319,15-58319,Avis de marché/,Ville de Roanne,Ville de Roanne,Roanne,42328,42,"L'objet principal du futur contrat est de confier au délégataire la mission d'améliorer et de gérer le réseau de chaleur "" RN7 "". Le contrat porte notamment sur la construction d'une nouvelle chaufferie.La Ville souhaite préserver la continuité de service auprès des abonnés existants et favoriser l'attractivité du réseau auprès de futurs abonnés.La Ville s'inscrit de plus dans une démarche de développement durable et souhaite que le réseau de chaleur soit alimenté en majorité par de l'énergie renouvelable issue de biomasse.Les caractéristiques des prestations que devra assurer l'entreprise délégataire sont principalement les suivantes :- la conception et la réalisation des installations nécessaires au service, notamment la ou les chaudières biomasse, la modernisation du réseau et des sous-stations, ainsi que les nouvelles extensions et raccordements ;- la fourniture de chaleur correspondant à la puissance souscrite par les abonnés ;- le fonctionnement, la surveillance, l'entretien, la maintenance et le renouvellement des installations du service, incluant les travaux de réparation des canalisations ;- les relations du service avec les abonnés, y compris la conclusion des polices d'abonnement, la facturation et la perception des redevances ;- les contrôles techniques règlementaires nécessaires ;- la fourniture à la Ville de conseils, avis et mises en garde sur toutes les questions intéressant le réseau de chaleur, son classement éventuel, la bonne marche de l'exploitation et la qualité globale du service ;- la tenue à jour des plans et de l'inventaire technique des immobilisations","59,406",,,,,,2015-04-16,https://www.boamp.fr/pages/avis/?q=idweb:15-58319,0
26_6819,26-6819,Avis de marché/,Territoires Soixante-Deux,Territoires Soixante-Deux,,,62,,61,,,,,,2026-01-20,https://www.boamp.fr/pages/avis/?q=idweb:26-6819,0
16_179458,16-179458,Avis d'intention de conclure/,BORDEAUX METROPOLE,BORDEAUX METROPOLE,Bordeaux cedex,33076,33,"Le contrat de délégation de service public porte sur l'exploitation du service de fourniture de chaleur au sein du secteur de la Plaine Rive Droite, ainsi qu'à la conception et la réalisation des installations. Le contrat comporte également une option relative à la réalisation d'un réseau de froid et à l'exploitation d'un service public de fourniture de froid au sein du périmètre contractuel. L'Autorité Délégante décidera, en cours de contrat, de l'opportunité de lever ou non cette option.","59,61",,,,,,2016-12-20,https://www.boamp.fr/pages/avis/?q=idweb:16-179458,0
23_134139,23-134139,Avis de marché/Concession,Mairie de BAPAUME,Mairie de BAPAUME,Bapaume cedex,62452,62,"Le Délégataire devra à ses risques et périls concevoir, financer, réaliser les ouvrages neufs et exploiter l'ensemble des ouvrages de la Concession. Il réalisera, selon les conditions du DCE, en particulier :- une centrale ENR permettant d'assurer le mix énergétique, potentiellement sur le site mis à disposition par l'AUTORITE DELEGANTE- l'ensemble des Travaux de Premier Etablissement ;- la conduite, l'entretien et la maintenance des installations ;- l'approvisionnement en combustibles et énergies, la production- la fourniture et la distribution de la chaleur ;-la gestion des relations avec les abonnés dont la commercialisation et le développement du service public,-la perception des recettes correspondantes auprès des abonnés et la gestion des impayés ;-la continuité du service public dans le respect des principes d'égalité des usagers, de laïcité et de neutralité du service public.",45231112,,,,,,2023-09-27,https://www.boamp.fr/pages/avis/?q=idweb:23-134139,0
15_28015,15-28015,Avis de marché/,Ville Eurométropole de Strasbourg,Ville Eurométropole de Strasbourg,Strasbourg,67076,67,"Le délégataire devra assurer la poursuite et l'optimisation de l'exploitation actuelle de la chaufferie collective et du réseau de chaleur des quartiers de Hautepierre et Poteries à Strasbourg. Les moyens de production et de distribution de chaleur, existants, seront remis par l'Eurométropole au délégataire. Il sera chargé: - de la production, la fourniture et la distribution de chaleur aux abonnés, - de la gestion, l'exploitation l'entretien, la maintenance et du renouvellement de l'ensemble des équipements, - de la gestion des relations avec les abonnés et la perception de redevances auprès des abonnés, - de la réalisation des contrôles techniques et réglementaires. Les candidats sont informés qu'il sera requis du futur délégataire de constituer une société exclusivement dédiée à l'exécution de la DSP, laquelle reprendra les engagements du candidat individuel ou du groupement candidat, selon les caractéristiques qui seront déterminées dans la DSP. Le délégataire se rémunérera directement sur les recettes d'exploitation composées de la vente de la chaleur aux abonnés, et des recettes éventuelles de l'électricité produite par les installations de cogénération. Le délégant se réserve le droit de demander au délégataire un droit d'entrée d'au maximum 500 keuro, correspondant à l'amortissement du raccordement de la maille Athéna.Les conditions de fonctionnement du service seront précisées dans le cahier des charges.","59,406",,,,,,2015-03-24,https://www.boamp.fr/pages/avis/?q=idweb:15-28015,0
26_46142,26-46142,Avis de marché/,Brest Métropole,Brest Métropole,,,29,,406,,,,,,2026-05-07,https://www.boamp.fr/pages/avis/?q=idweb:26-46142,0
17_135389,17-135389,Avis de marché/Concession,Ville du Havre,Ville du Havre,Le Havre Cedex,76084,76,"Si lorgane délibérant de la commune du Havre le décide dici le 31 décembre 2017 ou sous réserve dun arrêt du conseil détat cassant lordonnance du juge des référés près du tribunal administratif de Rouen du 10 juillet 2017 ayant annulé la précédente procédure de consultation publique menée, engagement dune procédure et attribution dune concession pour lexploitation du réseau de chauffage urbain du quartier de Caucriauville au Havre, après mise en concurrence, selon les dispositions des articles L 1411-1 et suivants du code général des collectivités territoriales et celles de lordonnance no2016-65 et du décret no206-86 relatifs aux concessions",09323000,,,,,,2017-09-26,https://www.boamp.fr/pages/avis/?q=idweb:17-135389,0
23_67892,23-67892,Avis de marché/Concession,COMMUNE DE MONT-SAINT-VINCENT,COMMUNE DE MONT-SAINT-VINCENT,Mont-saint-vincent,71300,71,"Contrat de concession de service public pour la conception, la réalisation, le financement et l'exploitation-maintenance et le renouvellement, dans une démarche d'amélioration continue de la performance, d'un réseau de chaleur urbain sur le territoire de la Commune de Mont-Saint-Vincent conclu en application des dispositions des articles L.1411-1 et suivants du CGCT et du Code de la Commande Publique.",50720000,,,240,,,2023-05-17,https://www.boamp.fr/pages/avis/?q=idweb:23-67892,1
23_178804,23-178804,Résultat de marché/Concession,COMMUNE DE MONT-SAINT-VINCENT,COMMUNE DE MONT-SAINT-VINCENT,Mont-saint-vincent,71300,71,"Contrat de concession de service public pour la conception, la réalisation, le financement et l'exploitation-maintenance et le renouvellement, dans une démarche d'amélioration continue de la performance, d'un réseau de chaleur urbain sur le territoire de la Commune de Mont-Saint-Vincent conclu en application des dispositions des articles L.1411-1 et suivants du CGCT et du Code de la Commande Publique.",50720000,FORESTENER,2023-12-20,240,2689500,1,2023-12-22,https://www.boamp.fr/pages/avis/?q=idweb:23-178804,4
16_34822,16-34822,Avis d'intention de conclure/,Ville Eurométropole de Strasbourg,Ville Eurométropole de Strasbourg,Strasbourg,67076,67,"le délégataire devra assurer la poursuite et l'optimisation de l'exploitation actuelle de la chaufferie collective et du réseau de chaleur des quartiers de Hautepierre et Poteries à Strasbourg. Les moyens de production et de distribution de chaleur, existants, seront remis par l'eurométropole au délégataire. Il sera chargé: - de la production, la fourniture et la distribution de chaleur aux abonnés, - de la gestion, l'exploitation l'entretien, la maintenance et du renouvellement de l'ensemble des équipements, - de la gestion des relations avec les abonnés et la perception de redevances auprès des abonnés, - de la réalisation des contrôles techniques et réglementaires.","59,406",,,,,,2016-03-29,https://www.boamp.fr/pages/avis/?q=idweb:16-34822,0
20_71459,20-71459,Avis de marché/Concession,Mairie de Niort,Mairie de Niort,Niort cedex,79027,79,Exploitation de la chaufferie bois et le réseau de chaleur sur le quartier des Brizeaux dans le cadre d'un contrat de délégation de service public par voie de concession (articles L.1411-1 et suivants et R.1411-1 et suivants du Code Général des Collectivités Territoriales ainsi que du Code de la Commande Publique).,50721000,,,,,,2020-06-03,https://www.boamp.fr/pages/avis/?q=idweb:20-71459,0
24_144507,24-144507,Avis de marché/,Mairie de Niort,Mairie de Niort,,,79,,59,,,,,,2024-12-23,https://www.boamp.fr/pages/avis/?q=idweb:24-144507,0
15_185854,15-185854,Résultat de marché/,Ville de Mâcon,Ville de Mâcon,Mâcon Cedex,71018,71,Chauffage urbain de la Ville de Mâcon,"59,406",,,,,,2015-12-14,https://www.boamp.fr/pages/avis/?q=idweb:15-185854,0
18_29960,18-29960,Avis de marché/Concession,VILLE DE FORBACH,VILLE DE FORBACH,FORBACH,57600,57,"La DSP concerne le transport et la distribution de chaleur sur le périmètre de la Ville de FORBACH. Le réseau de chaleur est alimenté en production à partir d'outils extérieurs au périmètre de la concession, propriété d'ENGIE COFELY, à savoir :- centrale biofely (cogénération biomasse)- chaufferie gaz fuel du Holweg",59,,,,,,2018-03-02,https://www.boamp.fr/pages/avis/?q=idweb:18-29960,0
15_103045,15-103045,Avis d'intention de conclure/,Ville de Vigneux sur Seine,Ville de Vigneux sur Seine,vigneux sur seine,91270,91,"Délégation de service public concernant la production, l'exploitation et la distribution du réseau de chaleur par géothermie sur le territoire de la Ville de Vigneux-sur-Seine","59,406,452",,,,,,2016-07-29,https://www.boamp.fr/pages/avis/?q=idweb:15-103045,0
18_81637,18-81637,Avis de marché/Concession,Ville de Gournay en Bray,Ville de Gournay en Bray,Gournay en Bray,76220,76,"Délégation de service public - concession - pour la conception, la construction, le financement, la maintenance, l'entretien, d'un réseau de chaleur , l'approvisionnement des usagers en chauffage sur le territoire de la ville de Gournay en Bray. Mise en place d'une chaufferie PAC d'un réseau et de sous stations.",09323000,,,216,,,2018-06-13,https://www.boamp.fr/pages/avis/?q=idweb:18-81637,1
18_87449,18-87449,Rectificatif/,Ville de Gournay en Bray,Ville de Gournay en Bray,Gournay en Bray,76220,76,"DSP/ concession - [conception, construction, financement, la maintenance, l'exploitation d'un réseau de chaleur -",09323000,,,,,,2018-06-25,https://www.boamp.fr/pages/avis/?q=idweb:18-87449,0
18_30850,18-30850,Rectificatif/,VILLE DE FORBACH,VILLE DE FORBACH,FORBACH,57600,57,"La DSP concerne le transport et la distribution de chaleur sur le périmètre de la Ville de FORBACH. Le réseau de chaleur est alimenté en production à partir d'outils extérieurs au périmètre de la concession, propriété d'ENGIE COFELY, à savoir :- centrale biofely (cogénération biomasse)- chaufferie gaz fuel du Holweg",59,,,,,,2018-03-05,https://www.boamp.fr/pages/avis/?q=idweb:18-30850,0
15_49833,15-49833,Résultat de marché/,Commune de Rocroi,Commune de Rocroi,Rocroi,08230,8,Délégation de service public du chauffage urbain de Rocroi,09323000,,,,,,2015-04-02,https://www.boamp.fr/pages/avis/?q=idweb:15-49833,0
17_162952,17-162952,Résultat de marché/Concession,Ville de Sainte Ménehould,Ville de Sainte Ménehould,SAINTE MENEHOULD,51800,51,"La présente délégation a pour objet de confier, dans le cadre d'une délégation de service public de type concessif à un délégataire, la création, la réalisation d'investissements et l'exploitation du futur réseau de chaleur de la commune de Sainte-Ménehould",09323000,ENGIE ENERGIE SERVICES - ENGIE COFELY,2018-01-26,300,10222881,1,2018-02-16,https://www.boamp.fr/pages/avis/?q=idweb:17-162952,4
17_7246,17-7246,Avis de marché/Concession,Ville de Sainte Ménehould,Ville de Sainte Ménehould,SAINTE MENEHOULD,51800,51,"La présente consultation a pour objet de confier, dans le cadre dune délégation de service public de type concessif à un délégataire, la création, la réalisation dinvestissements et lexploitation du futur réseau de chaleur de la commune de Sainte-Ménehould.",09323000,,,240,,,2017-01-17,https://www.boamp.fr/pages/avis/?q=idweb:17-7246,1
15_170526,15-170526,Avis d'intention de conclure/,Ville de Dammarie-Lès-Lys,Ville de Dammarie-Lès-Lys,Dammarie-lès-Lys,77190,77,"La convention a pour objet la délégation du service public de la production, de l'exploitation et de la distribution du réseau de chaleur par géothermie pour les quartiers de l'Abbaye et de la Plaine du Lys.",406,,,,,,2015-11-13,https://www.boamp.fr/pages/avis/?q=idweb:15-170526,0
16_150017,16-150017,Avis d'intention de conclure/,Ville de Valence,Ville de Valence,Valence cedex,26021,26,"La délégation concerne le service public de chauffage urbain de Valence. Le service délégué a pour objet la production, le transport et la distribution de chaleur. Le Délégataire devra exploiter et moderniser les équipements existants et procéder à la réalisation d'extensions éventuelles. Il se rémunèrera substantiellement par les résultats d'exploitation du service, et notamment par les redevances qu'il percevra sur les usagers.Le contrat comportera des dispositions relatives à la remise et à la reprise des biens en fin de contrat. La Ville de Valence souhaite apporter de notables améliorations aux équipements existants pour les rendre plus performants, tout en garantissant un prix moyen du kWh acceptable pour les usagers.",406,,,,,,2016-10-14,https://www.boamp.fr/pages/avis/?q=idweb:16-150017,0
17_38714,17-38714,Résultat de marché/,Ville de Valence,Ville de Valence,Valence cedex,26021,26,"La délégation concerne le service public de chauffage urbain de Valence. Le service délégué a pour objet la production, le transport et la distribution de chaleur. Le Délégataire devra exploiter et moderniser les équipements existants et procéder à la réalisation d'extensions éventuelles. Il se rémunèrera substantiellement par les résultats d'exploitation du service, et notamment par les redevances qu'il percevra sur les usagers.Le contrat comportera des dispositions relatives à la remise et à la reprise des biens en fin de contrat. La Ville de Valence souhaite apporter de notables améliorations aux équipements existants pour les rendre plus performants, tout en garantissant un prix moyen du kWh acceptable pour les usagers.",1,,,,,,2017-03-20,https://www.boamp.fr/pages/avis/?q=idweb:17-38714,0
15_89620,15-89620,Avis d'intention de conclure/,Ville de Dourdan,Ville de Dourdan,Dourdan,91410,91,Délégation de service public de chauffage urbain de la ville de Dourdan,"59,406",,,,,,2015-06-12,https://www.boamp.fr/pages/avis/?q=idweb:15-89620,0
15_63215,15-63215,Avis de marché/,Ville de Valence,Ville de Valence,Valence cedex,26021,26,"La délégation concerne le service public de chauffage urbain de Valence. Le service délégué a pour objet la production, le transport et la distribution de chaleur. Le Délégataire devra exploiter et moderniser les équipements existants et procéder à la réalisation d'extensions éventuelles. Il se rémunèrera substantiellement par les résultats d'exploitation du service, et notamment par les redevances qu'il percevra sur les usagers.Le contrat comportera des dispositions relatives à la remise et à la reprise des biens en fin de contrat. La Ville de Valence souhaite apporter de notables améliorations aux équipements existants pour les rendre plus performants, tout en garantissant un prix moyen du kWh acceptable pour les usagers.","59,61,406",,,,,,2015-04-24,https://www.boamp.fr/pages/avis/?q=idweb:15-63215,0
16_7450,16-7450,Résultat de marché/,Ville de Dammarie-Lès-Lys,Ville de Dammarie-Lès-Lys,Dammarie les lys,77190,77,"La convention a pour objet la délégation du service public de la production, de l'exploitation et de la distribution du réseau de chaleur par géothermie pour les quartiers de l'Abbaye et de la Plaine du Lys.","59,406",,,,,,2016-01-19,https://www.boamp.fr/pages/avis/?q=idweb:16-7450,0
17_45308,17-45308,Résultat de marché/Concession,SITRU,SITRU,Carrières-sur-Seine,78420,"78,75,92","Travaux d'extension du réseau de chauffage urbain sur les villes de Houilles, Carrières-sur-Seine et Chatou",09323000,Ouest OM énergie,2017-03-31,21,4938400,1,2017-04-03,https://www.boamp.fr/pages/avis/?q=idweb:17-45308,4
23_64722,23-64722,Avis de marché/Concession,COMMUNE D'ONET LE CHATEAU,COMMUNE D'ONET LE CHATEAU,ONET LE CHATEAU,12850,12,"Le Délégataire sera notamment chargé des missions suivantes :	L'exploitation, l'entretien et maintenance, le gros entretien et renouvellement des installations du réseau et des chaufferies ;	Lapprovisionnement en combustibles et/ou énergies, la production, la distribution et la fourniture de chaleur aux abonnés ;	La gestion des relations contractuelles avec les abonnés ;	La perception de redevances auprès des abonnés au titre des prestations réalisées.La valeur prévisionnelle globale de la Délégation est évaluée entre 1 875 000 euro HT et 2 550 000 euro HT (euros constants) sur la base du chiffre daffaires total estimé sur la durée de la convention de Délégation (5 ans). Le contrat daffermage aura pour périmètre géographique le périmètre actuel du réseau de chaleur (carte en annexe au contrat daffermage).",09323000,,,60,,,2023-05-15,https://www.boamp.fr/pages/avis/?q=idweb:23-64722,1
17_55999,17-55999,Avis d'intention de conclure/,Métropole de Lyon,Métropole de Lyon,Lyon Cedex 03,69505,69,"la conception, le financement, la réalisation, l'exploitation et la maintenance du service public de production et de distribution de chauffage urbain","59,60,61",,,,,,2017-05-22,https://www.boamp.fr/pages/avis/?q=idweb:17-55999,0
15_110978,15-110978,Avis de marché/,ville de montbeliard,ville de montbeliard,Montbéliard Cedex,25205,25,"Le futur contrat de délégation de service public portera sur l'exploitation du service de production, de transport et de fourniture de chaleur de la Ville ainsi que sur une partie de la conception et de la réalisation des installations notamment du renouvellement des réseaux. Les principales caractéristiques du réseau sont les suivantes :- Nombre de sous-stations desservies : 62 ,- Puissance installée : 65 MW - Quantité moyenne d'énergie livrée : 61 328 MWh en 2012La puissance utile totale est de 65 MW composée des équipements suivants :- 2 échangeurs vapeurs de 2 x 5 MW provenant de l'UIOM de Montbéliard (hors périmètre), - 1 chaudière gaz naturel 10 MW- 1 chaudière mixte gaz/FOD 20 MW- 2 chaudières FOD 10+15 MW.La Ville s'inscrit dans une démarche de développement durable et souhaite que le futur réseau de chaleur soit un réseau alimenté en majorité par des énergies renouvelables (EnR) ou de récupération permettant l'obtention de la TVA réduite sur le terme R1.La Ville souhaite ainsi que le futur réseau présente les caractéristiques suivantes :- Alimentation principale à partir d'énergies renouvelables ou de récupération,- Amélioration du rendement du réseau avec modernisation et renouvellement des tronçons vétustes et/ou en eau surchauffée partiellement ou totalement.Le délégataire aura l'obligation d'acheter la chaleur à l'UIOM du Pays de Montbéliard dans les conditions de la convention de vente de chaleur qui sera année au DCE.","59,406",,,,,,2015-07-28,https://www.boamp.fr/pages/avis/?q=idweb:15-110978,0
16_100317,16-100317,Résultat de marché/,ville de montbeliard,ville de montbeliard,Montbéliard Cedex,25205,25,"Le futur contrat de délégation de service public portera sur l'exploitation du service de production, de transport et de fourniture de chaleur de la Ville ainsi que sur une partie de la conception et de la réalisation des installations notamment du renouvellement des réseaux.","59,406",,,,,,2016-07-06,https://www.boamp.fr/pages/avis/?q=idweb:16-100317,0
15_133939,15-133939,Avis de marché/,ville de montbeliard,ville de montbeliard,Montbéliard Cedex,25205,25,"Le futur contrat de délégation de service public portera sur l'exploitation du service de production, de transport et de fourniture de chaleur de la Ville ainsi que sur une partie de la conception et de la réalisation des installations notamment du renouvellement des réseaux.","59,406",,,,,,2015-09-08,https://www.boamp.fr/pages/avis/?q=idweb:15-133939,0
15_168763,15-168763,Avis d'intention de conclure/,ville de Cosne-Cours-sur-Loire,ville de Cosne-Cours-sur-Loire,Cosne-Cours-sur-Loire,58200,58,Délégation de service public pour le chauffage urbain consistant en la production et la distribution d'énergie calorifique par la Ville sur son territoire,09300000,,,,,,2015-11-17,https://www.boamp.fr/pages/avis/?q=idweb:15-168763,0
16_160910,16-160910,Avis d'intention de conclure/,Amiens Métropole,Amiens Métropole,Ville d'Amiens,80027,80,"La consultation avait pour objet de sélectionner un ou des actionnaires économiques pour la constitution d'une société d'économie mixte à opération unique (SEMOP) et d'attribuer à cette dernière une délégation de service public pour la construction de moyens de production de la chaleur et la création des réseaux, ainsi que la gestion du service public de la chaleur et des réseaux de distribution de la chaleur.",61,,,,,,2016-11-09,https://www.boamp.fr/pages/avis/?q=idweb:16-160910,0
23_78178,23-78178,Avis de marché/Concession,MAZET ST VOY,MAZET ST VOY,MAZET ST VOY,43520,43,"Contrat de délégation de service public : réseaux de chaleur bois énergie (conception, réalisation, financement et exploitation des 4 réseaux de chaleur dont 3 existants)",45231112,,,,,,2023-06-07,https://www.boamp.fr/pages/avis/?q=idweb:23-78178,0
23_83227,23-83227,Rectificatif/,MAZET ST VOY,MAZET ST VOY,MAZET ST VOY,43520,43,"Contrat de délégation de service public : réseaux de chaleur bois énergie (conception, réalisation, financement et exploitation des 4 réseaux de chaleur dont 3 existants)",45231112,,,,,,2023-06-16,https://www.boamp.fr/pages/avis/?q=idweb:23-83227,0
15_82465,15-82465,Résultat de marché/,Ville de Moulins,Ville de Moulins,Moulins cedex,03016,3,"La présente procédure a pour objet le service délégué de production en appoint et de distribution de chaleur de Moulins.Le service sera assuré sur le territoire de la commune de Moulins grevé du périmètre qui a déjà été délégué à la SDCM.Le délégataire est rémunéré directement par la fourniture de chaleur aux usagers du service public et par la perception de subventions éventuelles. Après mise à disposition des ouvrages existants, le délégataire assure à ses risques et périls la conception, la réalisation et le financement des travaux prévus en début de délégation et indiqués dans le contrat de concession, tous les achats d'énergies et éventuellement de combustibles, la conduite, l'entretien et le renouvellement des installations, la gestion des relations contractuelles avec les abonnés-usagers du service, la perception des redevances auprès des abonnés-usagers du service.Le délégataire utilise l'énergie calorifique importée depuis la SDCM dans le conditions fixées par le contrat.","59,406",,,,,,2015-06-01,https://www.boamp.fr/pages/avis/?q=idweb:15-82465,0
15_72335,15-72335,Avis de marché/,Communauté Urbaine du Grand Nancy,Communauté Urbaine du Grand Nancy,Nancy cedex,54035,54,Domaine de la délégation : le contrat aura pour objet la production et la distribution de chaleur.,"59,406",,,,,,2015-05-12,https://www.boamp.fr/pages/avis/?q=idweb:15-72335,0
16_131822,16-131822,Résultat de marché/,Communauté Urbaine du Grand Nancy,Communauté Urbaine du Grand Nancy,Nancy cedex,54035,54,Domaine de la délégation : le contrat aura pour objet la production et la distribution de chaleur.,"59,406",,,,,,2016-09-14,https://www.boamp.fr/pages/avis/?q=idweb:16-131822,0
24_101767,24-101767,Résultat de marché/,Commune des Herbiers,Commune des Herbiers,,,85,,59,,,,,,2024-09-06,https://www.boamp.fr/pages/avis/?q=idweb:24-101767,0
24_12902,24-12902,Avis de marché/,Commune des Herbiers,Commune des Herbiers,,,85,,59,,,,,,2024-02-02,https://www.boamp.fr/pages/avis/?q=idweb:24-12902,0
16_110500,16-110500,Résultat de marché/,Le Mans Métropole,Le Mans Métropole,LE MANS cedex 9,72039,72,"Le contrat a pour objet de confier au délégataire la production, le transport et la distribution de chaleur au réseau métropolitain.Le délégataire sera principalement chargé des obligations suivantes :- la valorisation de la chaleur issue de l'UVED à hauteur, à terme, de 84% de l'énergie calorifique distribuée,- la production de chaleur, en complément et secours, à partir des chaufferies et cogénérations existantes,- le transport et la distribution de la chaleur jusqu'aux locaux des abonnés sur le périmètre délégué,- la production d'eau de chauffage et d'eau chaude sanitaire dans les sous-stations des abonnés,- la prise en charge, en l'état, de l'ensemble des ouvrages et des équipements de chauffage urbain appartenant à le Mans Métropole; ces ouvrages concernent aussi bien les ouvrages existants, qui seront mis à la disposition du délégataire lors de la prise en charge des installations, que les ouvrages qui s'y ajouteront, en cours de délégation, après leur achèvement par le délégataire (liaison entre l'UVED et la chaufferie des Bords de l'Huisne, extension du réseau en vue de nouveaux raccordements...),- l'entretien, la maintenance et le renouvellement des ouvrages et des équipements de chauffage urbain pris en charge par le délégataire, en vue de leur restitution, au terme de la délégation, en parfait état de fonctionnement,- le financement, la construction et l'exploitation de nouveaux équipements, notamment la liaison UVED - Bords de l'Huisne, la mise en conformité de la chaufferie Bords de l'Huisne, la modernisation des réseaux de distribution et les développements vers de nouveaux abonnés,- la gestion administrative, commerciale et financière de l'activité.","59,406",,,,,,2016-08-01,https://www.boamp.fr/pages/avis/?q=idweb:16-110500,0
17_42363,17-42363,Avis de marché/Concession,Communauté de communes Roche aux fées,Communauté de communes Roche aux fées,Retiers,35240,35,"Délégation de service public, sous la forme de concession, ayant pour objet la conception, la réalisation, le financement et l'exploitation de réseaux de chaleur alimentés en majorité par des chaufferies bois, sur les communes de Retiers, Coësmes et Martigné-Ferchaud, passée en application des articles L.1411-1 et suivants du Code Général des Collectivités Territoriales.",09323000,,,300,,,2017-10-10,https://www.boamp.fr/pages/avis/?q=idweb:17-42363,1
18_145907,18-145907,Résultat de marché/Concession,Communauté de communes Roche aux fées,Communauté de communes Roche aux fées,Retiers,35240,35,"Délégation de service public, sous la forme de concession, ayant pour objet la conception, la réalisation, le  financement et l'exploitation de réseaux de chaleur alimentés en majorité par des chaufferies bois, sur les communes de Retiers, Coësmes et Martigné-Ferchaud, passée en application des articles L.1411-1 et suivants du Code Général des Collectivités Territoriales.",09323000,Nass &amp; Wind Energie Verte,2018-09-25,312,8066537,1,2018-10-19,https://www.boamp.fr/pages/avis/?q=idweb:18-145907,4
24_126986,24-126986,Avis de marché/,MAIRIE DE SURESNES,MAIRIE DE SURESNES,,,92,,59,,,,,,2024-11-07,https://www.boamp.fr/pages/avis/?q=idweb:24-126986,0
24_127281,24-127281,Annulation/,MAIRIE DE SURESNES,MAIRIE DE SURESNES,,,92,,59,,,,,,2024-11-08,https://www.boamp.fr/pages/avis/?q=idweb:24-127281,0
23_23291,23-23291,Avis de marché/Concession,COMMUNE DE PONT AUDEMER,COMMUNE DE PONT AUDEMER,Pont Audemer,27500,"27,76","le réseau de chaleur actuel dessert environ 10 000 MWh à partir dénergie fossile et sachève au 31/03/2024. Une évolution importante du réseau est prévue, conduisant à un fort verdissement du mix énergétique ainsi quà un développement sur la Ville de PONT AUDEMER. Le délégataire sera chargé de financier, réaliser et exploiter lensemble des installations existantes et à créer. Le délégataire devra proposer aux abonnés des tarifs compétitifs et assurer une haute qualité de service. La commercialisation du réseau sur le périmètre concerné et assurera la gestion des relations avec les abonnés.",09323000,,,288,,,2023-02-17,https://www.boamp.fr/pages/avis/?q=idweb:23-23291,1
23_25083,23-25083,Résultat de marché/Concession,COMMUNE DE PONT AUDEMER,COMMUNE DE PONT AUDEMER,Pont Audemer,27500,"27,76","Délégation de service public pour la production, le transport et la distribution de chaleur sur la Ville de PONT AUDEMER",09323000,,,288,,,2023-02-23,https://www.boamp.fr/pages/avis/?q=idweb:23-25083,1
16_71367,16-71367,Résultat de marché/,Le Mans Métropole,Le Mans Métropole,Le Mans cedex 9,72039,72,"l'avenant a pour objet : - la prolongation de la concession pour l'exploitation du service public de distribution de chaleur et d'incinération des résidus urbains du 30 novembre 2015 au 03 février 2016, - la prise en compte des nouvelles conditions du crédit-bail.","59,249,406",,,,,,2016-07-13,https://www.boamp.fr/pages/avis/?q=idweb:16-71367,0
15_192284,15-192284,Avis de marché/,Ville de Charleville Mézières,Ville de Charleville Mézières,Charleville-mézières,08000,8,délégation de service public de production et de distribution de chaleur sur la zone de Manchester-Citadelle-Port Bussy,09323000,,,,,,2016-01-04,https://www.boamp.fr/pages/avis/?q=idweb:15-192284,0
16_2007,16-2007,Résultat de marché/,SEAPFA,SEAPFA,Villepinte cedex,93423,93,DSP pour l'exploitation du service public de production et de vente de chaleur avec renouvellement des installations de géothermie au Dogger,"59,406",,,,,,2016-01-08,https://www.boamp.fr/pages/avis/?q=idweb:16-2007,0
25_12562,25-12562,Rectificatif/,ASSOCIATION HOSPITALIERE DE MOZE,ASSOCIATION HOSPITALIERE DE MOZE,,,7,,59,,,,,,2025-02-03,https://www.boamp.fr/pages/avis/?q=idweb:25-12562,0
24_137817,24-137817,Avis de marché/,ASSOCIATION HOSPITALIERE DE MOZE,ASSOCIATION HOSPITALIERE DE MOZE,,,7,,59,,,,,,2024-12-09,https://www.boamp.fr/pages/avis/?q=idweb:24-137817,0
15_179932,15-179932,Avis de marché/,Ville de Rambervillers,Ville de Rambervillers,Rambervillers,88700,88,"Délégation de service public en vue de la création et de la gestion des activités de production, transport et distribution de chaleur",45232140,,,,,,2015-11-30,https://www.boamp.fr/pages/avis/?q=idweb:15-179932,0
16_50921,16-50921,Résultat de marché/,SEAPFA,SEAPFA,Villepinte cedex,93423,93,DSP pour l'exploitation du service public de production et de vente de chaleur avec renouvellement des installations de géothermie au Dogger,"59,406",,,,,,2016-04-22,https://www.boamp.fr/pages/avis/?q=idweb:16-50921,0
