publication_number,Identifiant reseau,ted_duree_mois_xml,ted_date_reference_xml,ted_echeance_xml,ted_format_xml
353898-2016,6901C,300.0,2016-09-19,2041-09-19,formex
353898-2016,6904C,300.0,2016-09-19,2041-09-19,formex
353898-2016,6905C,300.0,2016-09-19,2041-09-19,formex
353898-2016,6906C,300.0,2016-09-19,2041-09-19,formex
353898-2016,6912C,300.0,2016-09-19,2041-09-19,formex
353898-2016,6915C,300.0,2016-09-19,2041-09-19,formex
353898-2016,6923C,300.0,2016-09-19,2041-09-19,formex
353898-2016,6930C,300.0,2016-09-19,2041-09-19,formex
353898-2016,6902C,300.0,2016-09-19,2041-09-19,formex
353898-2016,6908C,300.0,2016-09-19,2041-09-19,formex
353898-2016,6914C,300.0,2016-09-19,2041-09-19,formex
353898-2016,6921C,300.0,2016-09-19,2041-09-19,formex
358313-2016,1907C,,,,
382082-2016,2901C,,,,
382082-2016,2902C,,,,
382082-2016,2905C,,,,
428005-2016,5401C,,,,
428005-2016,5403C,,,,
428005-2016,5407C,,,,
428005-2016,5410C,,,,
428005-2016,5411C,,,,
428005-2016,5413C,,,,
438046-2016,4101C,,,,
438046-2016,4106C,,,,
443429-2016,4501C,,,,
443429-2016,4503C,,,,
446041-2016,4101C,,,,
446041-2016,4106C,,,,
450976-2016,4401C,,,,
450976-2016,4403C,,,,
450976-2016,4405C,,,,
450976-2016,4406C,,,,
450976-2016,4407C,,,,
450976-2016,4408C,,,,
450976-2016,4410C,,,,
450976-2016,4411C,,,,
461621-2016,9224C,,,,
461621-2016,9225C,,,,
9052-2017,4101C,120.0,2016-08-08,2026-08-08,formex
9052-2017,4106C,120.0,2016-08-08,2026-08-08,formex
30232-2017,4401C,240.0,2016-12-16,2036-12-16,formex
30232-2017,4403C,240.0,2016-12-16,2036-12-16,formex
30232-2017,4405C,240.0,2016-12-16,2036-12-16,formex
30232-2017,4406C,240.0,2016-12-16,2036-12-16,formex
30232-2017,4407C,240.0,2016-12-16,2036-12-16,formex
30232-2017,4408C,240.0,2016-12-16,2036-12-16,formex
30232-2017,4410C,240.0,2016-12-16,2036-12-16,formex
30232-2017,4411C,240.0,2016-12-16,2036-12-16,formex
32345-2017,8304C,,,,
32345-2017,8307C,,,,
34089-2017,2701C,,,,
34089-2017,6204C,,,,
34567-2017,5109C,,,,
42569-2017,2701C,,,,
42569-2017,6204C,,,,
44975-2017,1907C,,,,
71167-2017,7721C,,,,
71167-2017,7722C,,,,
71167-2017,7723C,,,,
71167-2017,7729C,,,,
71167-2017,7725C,,,,
108501-2017,0602C,,,,
108501-2017,0606C,,,,
108501-2017,0609C,,,,
108501-2017,0605C,,,,
108501-2017,0611C,,,,
129126-2017,6801C,,,,
130991-2017,7601C,,,,
130991-2017,7605C,,,,
130991-2017,7606C,,,,
130991-2017,7607C,,,,
130991-2017,7608C,,,,
130991-2017,7612C,,,,
130991-2017,7614C,,,,
130991-2017,7615C,,,,
130991-2017,7619C,,,,
130991-2017,7620C,,,,
140302-2017,2501C,,,,
140302-2017,2506C,,,,
143338-2017,2901C,,,,
143338-2017,2902C,,,,
143338-2017,2905C,,,,
147602-2017,3802C,,,,
147602-2017,3820C,,,,
147602-2017,3821C,,,,
147602-2017,3827C,,,,
147602-2017,3829C,,,,
147602-2017,3801C,,,,
166481-2017,3802C,,,,
166481-2017,3820C,,,,
166481-2017,3821C,,,,
166481-2017,3827C,,,,
166481-2017,3829C,,,,
166481-2017,3801C,,,,
178130-2017,3605C,,,,
199378-2017,1207C,288.0,2017-05-05,2041-05-05,formex
205657-2017,6310C,,,,
213758-2017,5914C,,,,
213758-2017,5920C,,,,
220148-2017,6901C,300.0,2017-05-22,2042-05-22,formex
220148-2017,6904C,300.0,2017-05-22,2042-05-22,formex
220148-2017,6905C,300.0,2017-05-22,2042-05-22,formex
220148-2017,6906C,300.0,2017-05-22,2042-05-22,formex
220148-2017,6912C,300.0,2017-05-22,2042-05-22,formex
220148-2017,6915C,300.0,2017-05-22,2042-05-22,formex
220148-2017,6923C,300.0,2017-05-22,2042-05-22,formex
220148-2017,6930C,300.0,2017-05-22,2042-05-22,formex
220148-2017,6902C,300.0,2017-05-22,2042-05-22,formex
220148-2017,6908C,300.0,2017-05-22,2042-05-22,formex
220148-2017,6914C,300.0,2017-05-22,2042-05-22,formex
220148-2017,6921C,300.0,2017-05-22,2042-05-22,formex
233051-2017,4401C,,,,
233051-2017,4403C,,,,
233051-2017,4405C,,,,
233051-2017,4410C,,,,
233051-2017,4411C,,,,
233943-2017,1501C,319.0,2017-04-06,2043-11-06,formex
233943-2017,1511C,319.0,2017-04-06,2043-11-06,formex
250436-2017,8701C,,,,
250436-2017,8702C,,,,
250436-2017,8704C,,,,
288524-2017,0602C,,,,
288524-2017,0606C,,,,
288524-2017,0609C,,,,
288524-2017,0605C,,,,
288524-2017,0611C,,,,
288927-2017,6103C,,,,
290330-2017,4501C,,,,
290330-2017,4503C,,,,
313528-2017,3101C,,,,
313528-2017,3102C,,,,
313528-2017,3103C,,,,
313528-2017,3104C,,,,
313528-2017,3106C,,,,
313528-2017,3107C,,,,
313528-2017,3112C,,,,
313528-2017,3114C,,,,
351219-2017,2701C,264.0,2017-07-11,2039-07-11,formex
351219-2017,6204C,264.0,2017-07-11,2039-07-11,formex
352736-2017,6310C,,,,
359421-2017,5912C,,,,
373618-2017,6901C,,,,
373618-2017,6904C,,,,
373618-2017,6905C,,,,
373618-2017,6906C,,,,
373618-2017,6912C,,,,
373618-2017,6915C,,,,
373618-2017,6923C,,,,
373618-2017,6930C,,,,
373618-2017,6902C,,,,
373618-2017,6908C,,,,
373618-2017,6914C,,,,
373618-2017,6921C,,,,
437090-2017,6801C,264.0,2017-09-18,2039-09-18,formex
439303-2017,5912C,,,,
486906-2017,3802C,,,,
486906-2017,3820C,,,,
486906-2017,3821C,,,,
486906-2017,3827C,,,,
486906-2017,3829C,,,,
486906-2017,3801C,,,,
524357-2017,5501C,,,,
30146-2018,7320C,,,,
31513-2018,6401C,,,,
31513-2018,6403C,,,,
35812-2018,7320C,,,,
39497-2018,4905C,,,,
39504-2018,4905C,,,,
39507-2018,4905C,,,,
39537-2018,4905C,,,,
40265-2018,5719C,,,,
59758-2018,7319C,,,,
63891-2018,7318C,,,,
66336-2018,7501C,,,,
66336-2018,9406C,,,,
66336-2018,9423C,,,,
70741-2018,7319C,,,,
85798-2018,4905C,,,,
85799-2018,4905C,,,,
86030-2018,9403C,,,,
86030-2018,9408C,,,,
86030-2018,9430C,,,,
88139-2018,4905C,,,,
88152-2018,4905C,,,,
142126-2018,9502C,,,,
147870-2018,9224C,240.0,2018-03-14,2038-03-14,formex
147870-2018,9225C,240.0,2018-03-14,2038-03-14,formex
206189-2018,5707C,,,,
286680-2018,7601C,288.0,2018-05-14,2042-05-14,formex
286680-2018,7605C,288.0,2018-05-14,2042-05-14,formex
286680-2018,7606C,288.0,2018-05-14,2042-05-14,formex
286680-2018,7607C,288.0,2018-05-14,2042-05-14,formex
286680-2018,7608C,288.0,2018-05-14,2042-05-14,formex
286680-2018,7612C,288.0,2018-05-14,2042-05-14,formex
286680-2018,7614C,288.0,2018-05-14,2042-05-14,formex
286680-2018,7615C,288.0,2018-05-14,2042-05-14,formex
286680-2018,7619C,288.0,2018-05-14,2042-05-14,formex
286680-2018,7620C,288.0,2018-05-14,2042-05-14,formex
290424-2018,6901C,,,,
290424-2018,6904C,,,,
290424-2018,6905C,,,,
290424-2018,6906C,,,,
290424-2018,6912C,,,,
290424-2018,6915C,,,,
290424-2018,6923C,,,,
290424-2018,6930C,,,,
290424-2018,6902C,,,,
290424-2018,6908C,,,,
290424-2018,6914C,,,,
290424-2018,6921C,,,,
304176-2018,7716C,,,,
304176-2018,7717C,,,,
304176-2018,7718C,,,,
304176-2018,7727C,,,,
304176-2018,9428C,,,,
306817-2018,4101C,108.0,2018-06-25,2027-06-25,formex
306817-2018,4106C,108.0,2018-06-25,2027-06-25,formex
313903-2018,3504C,,,,
313903-2018,3505C,,,,
313903-2018,3506C,,,,
313903-2018,3507C,,,,
313903-2018,3512C,,,,
313903-2018,3514C,,,,
319697-2018,9242C,,,,
336263-2018,9502C,,,,
354766-2018,7320C,,,,
357212-2018,7320C,120.0,2018-08-08,2028-08-08,formex
377613-2018,2501C,72.0,2018-05-23,2024-05-23,formex
377613-2018,2506C,72.0,2018-05-23,2024-05-23,formex
420714-2018,4905C,,,,
420764-2018,4905C,,,,
420765-2018,4905C,,,,
420817-2018,4905C,,,,
432850-2018,8902C,,,,
446621-2018,8301C,240.0,2018-06-21,2038-06-21,formex
446621-2018,8304C,240.0,2018-06-21,2038-06-21,formex
446621-2018,8307C,240.0,2018-06-21,2038-06-21,formex
457710-2018,8201C,,,,
468949-2018,0803C,,,,
473699-2018,1909C,,,,
477133-2018,9242C,,,,
497586-2018,3511C,312.0,2018-09-25,2044-09-25,formex
497586-2018,3515C,312.0,2018-09-25,2044-09-25,formex
502459-2018,5912C,288.0,2018-04-20,2042-04-20,formex
511504-2018,7318C,120.0,2018-10-05,2028-10-05,formex
528973-2018,7319C,120.0,2018-11-19,2028-11-19,formex
566390-2018,7408C,,,,
567256-2018,5701C,,,,
20313-2019,2901C,120.0,2018-11-22,2028-11-22,formex
20313-2019,2902C,120.0,2018-11-22,2028-11-22,formex
20313-2019,2905C,120.0,2018-11-22,2028-11-22,formex
39742-2019,7805C,,,,
82307-2019,6901C,186.0,2019-01-28,2034-07-28,formex
82307-2019,6904C,186.0,2019-01-28,2034-07-28,formex
82307-2019,6905C,186.0,2019-01-28,2034-07-28,formex
82307-2019,6906C,186.0,2019-01-28,2034-07-28,formex
82307-2019,6912C,186.0,2019-01-28,2034-07-28,formex
82307-2019,6915C,186.0,2019-01-28,2034-07-28,formex
82307-2019,6923C,186.0,2019-01-28,2034-07-28,formex
82307-2019,6930C,186.0,2019-01-28,2034-07-28,formex
82307-2019,6902C,186.0,2019-01-28,2034-07-28,formex
82307-2019,6908C,186.0,2019-01-28,2034-07-28,formex
82307-2019,6914C,186.0,2019-01-28,2034-07-28,formex
82307-2019,6921C,186.0,2019-01-28,2034-07-28,formex
99353-2019,8901C,252.0,2018-12-17,2039-12-17,formex
150379-2019,4202C,,,,
150379-2019,4204C,,,,
150379-2019,4206C,,,,
150379-2019,4210C,,,,
150379-2019,4211C,,,,
150379-2019,4213C,,,,
150379-2019,4214C,,,,
150379-2019,4222C,,,,
150379-2019,4227C,,,,
150379-2019,4232C,,,,
150379-2019,4238C,,,,
150379-2019,4241C,,,,
150379-2019,4245C,,,,
150379-2019,4246C,,,,
150379-2019,4247C,,,,
150379-2019,4203C,,,,
174161-2019,0602C,,,,
174161-2019,0606C,,,,
174161-2019,0609C,,,,
174161-2019,0605C,,,,
174161-2019,0611C,,,,
187046-2019,5701C,,,,
192849-2019,7716C,300.0,2019-04-04,2044-04-04,formex
192849-2019,7717C,300.0,2019-04-04,2044-04-04,formex
192849-2019,7718C,300.0,2019-04-04,2044-04-04,formex
192849-2019,7727C,300.0,2019-04-04,2044-04-04,formex
192849-2019,9428C,300.0,2019-04-04,2044-04-04,formex
217340-2019,6319C,,,,
225935-2019,3302C,,,,
225935-2019,3303C,,,,
225935-2019,3304C,,,,
225935-2019,3315C,,,,
225935-2019,3316C,,,,
225935-2019,3317C,,,,
225935-2019,3318C,,,,
225935-2019,3319C,,,,
225935-2019,3324C,,,,
225935-2019,3325C,,,,
225935-2019,3326C,,,,
225935-2019,3327C,,,,
225935-2019,3328C,,,,
225935-2019,3334C,,,,
225935-2019,3335C,,,,
225935-2019,7301C,,,,
225935-2019,3329C,,,,
225937-2019,5719C,180.0,2019-02-27,2034-02-27,formex
225938-2019,6401C,312.0,2019-03-28,2045-03-28,formex
225938-2019,6403C,312.0,2019-03-28,2045-03-28,formex
243401-2019,5107C,,,,
243401-2019,5110C,,,,
307109-2019,4504C,,,,
352881-2019,5701C,,,,
353804-2019,4202C,,,,
353804-2019,4204C,,,,
353804-2019,4206C,,,,
353804-2019,4210C,,,,
353804-2019,4211C,,,,
353804-2019,4213C,,,,
353804-2019,4214C,,,,
353804-2019,4222C,,,,
353804-2019,4227C,,,,
353804-2019,4232C,,,,
353804-2019,4238C,,,,
353804-2019,4241C,,,,
353804-2019,4245C,,,,
353804-2019,4246C,,,,
353804-2019,4247C,,,,
353804-2019,4203C,,,,
355859-2019,5501C,240.0,2019-07-12,2039-07-12,formex
357313-2019,0105C,,,,
365938-2019,0102C,,,,
365938-2019,0111C,,,,
373825-2019,3302C,,,,
373825-2019,3303C,,,,
373825-2019,3304C,,,,
373825-2019,3315C,,,,
373825-2019,3316C,,,,
373825-2019,3317C,,,,
373825-2019,3318C,,,,
373825-2019,3319C,,,,
373825-2019,3324C,,,,
373825-2019,3325C,,,,
373825-2019,3326C,,,,
373825-2019,3327C,,,,
373825-2019,3328C,,,,
373825-2019,3334C,,,,
373825-2019,3335C,,,,
373825-2019,7301C,,,,
373825-2019,3329C,,,,
378695-2019,8103C,300.0,2019-07-09,2044-07-09,formex
384002-2019,9403C,,,,
384002-2019,9408C,,,,
384002-2019,9430C,,,,
388653-2019,7501C,,,,
388653-2019,9235C,,,,
414367-2019,8201C,204.0,2019-07-18,2036-07-18,formex
434792-2019,1302C,,,,
434792-2019,1303C,,,,
434792-2019,1310C,,,,
434792-2019,1311C,,,,
434792-2019,1315C,,,,
434792-2019,1317C,,,,
434792-2019,1318C,,,,
434792-2019,1319C,,,,
434792-2019,1320C,,,,
434792-2019,1321C,,,,
434792-2019,1322C,,,,
434792-2019,1323C,,,,
434792-2019,1306C,,,,
461018-2019,6306C,,,,
461018-2019,6307C,,,,
461018-2019,6308C,,,,
461018-2019,6317C,,,,
461018-2019,6303C,,,,
461020-2019,6306C,,,,
461020-2019,6307C,,,,
461020-2019,6308C,,,,
461020-2019,6317C,,,,
461020-2019,6303C,,,,
463217-2019,6306C,,,,
463217-2019,6307C,,,,
463217-2019,6308C,,,,
463217-2019,6317C,,,,
463217-2019,6303C,,,,
480044-2019,0803C,240.0,2019-08-26,2039-08-26,formex
487352-2019,9403C,,,,
487352-2019,9408C,,,,
487352-2019,9430C,,,,
487355-2019,6901C,,,,
487355-2019,6904C,,,,
487355-2019,6905C,,,,
487355-2019,6906C,,,,
487355-2019,6912C,,,,
487355-2019,6915C,,,,
487355-2019,6923C,,,,
487355-2019,6930C,,,,
487355-2019,6902C,,,,
487355-2019,6908C,,,,
487355-2019,6914C,,,,
487355-2019,6921C,,,,
487358-2019,9328C,,,,
506222-2019,7501C,,,,
506222-2019,7504C,,,,
514551-2019,7501C,,,,
514551-2019,7504C,,,,
518847-2019,7501C,,,,
518847-2019,7504C,,,,
528820-2019,7408C,300.0,2019-10-22,2044-10-22,formex
537681-2019,5924C,,,,
558285-2019,6901C,240.0,2019-11-04,2039-11-04,formex
558285-2019,6904C,240.0,2019-11-04,2039-11-04,formex
558285-2019,6905C,240.0,2019-11-04,2039-11-04,formex
558285-2019,6906C,240.0,2019-11-04,2039-11-04,formex
558285-2019,6912C,240.0,2019-11-04,2039-11-04,formex
558285-2019,6915C,240.0,2019-11-04,2039-11-04,formex
558285-2019,6923C,240.0,2019-11-04,2039-11-04,formex
558285-2019,6930C,240.0,2019-11-04,2039-11-04,formex
558285-2019,6902C,240.0,2019-11-04,2039-11-04,formex
558285-2019,6908C,240.0,2019-11-04,2039-11-04,formex
558285-2019,6914C,240.0,2019-11-04,2039-11-04,formex
558285-2019,6921C,240.0,2019-11-04,2039-11-04,formex
615235-2019,0105C,,,,
619835-2019,9002C,,,,
5804-2020,6205C,,,,
5804-2020,6211C,,,,
5804-2020,6212C,,,,
5806-2020,0602C,,,,
5806-2020,0606C,,,,
5806-2020,0609C,,,,
5806-2020,0605C,,,,
5806-2020,0611C,,,,
35091-2020,3504C,216.0,2019-11-14,2037-11-14,formex
35091-2020,3505C,216.0,2019-11-14,2037-11-14,formex
35091-2020,3506C,216.0,2019-11-14,2037-11-14,formex
35091-2020,3507C,216.0,2019-11-14,2037-11-14,formex
35091-2020,3512C,216.0,2019-11-14,2037-11-14,formex
35091-2020,3514C,216.0,2019-11-14,2037-11-14,formex
50004-2020,1208C,,,,
55792-2020,3824C,,,,
65678-2020,6205C,,,,
65678-2020,6211C,,,,
65678-2020,6212C,,,,
81514-2020,9240C,,,,
83528-2020,3101C,312.0,2015-12-17,2041-12-17,formex
83528-2020,3102C,312.0,2015-12-17,2041-12-17,formex
83528-2020,3103C,312.0,2015-12-17,2041-12-17,formex
83528-2020,3104C,312.0,2015-12-17,2041-12-17,formex
83528-2020,3106C,312.0,2015-12-17,2041-12-17,formex
83528-2020,3107C,312.0,2015-12-17,2041-12-17,formex
83528-2020,3112C,312.0,2015-12-17,2041-12-17,formex
83528-2020,3114C,312.0,2015-12-17,2041-12-17,formex
95709-2020,1208C,,,,
99381-2020,3504C,,,,
99381-2020,3505C,,,,
99381-2020,3506C,,,,
99381-2020,3507C,,,,
99381-2020,3512C,,,,
99381-2020,3514C,,,,
109249-2020,3504C,,,,
109249-2020,3505C,,,,
109249-2020,3506C,,,,
109249-2020,3507C,,,,
109249-2020,3512C,,,,
109249-2020,3514C,,,,
154228-2020,9240C,,,,
155957-2020,3504C,,,,
155957-2020,3505C,,,,
155957-2020,3506C,,,,
155957-2020,3507C,,,,
155957-2020,3512C,,,,
155957-2020,3514C,,,,
156268-2020,2901C,,,,
156268-2020,2902C,,,,
156268-2020,2905C,,,,
165450-2020,7601C,,,,
165450-2020,7605C,,,,
165450-2020,7606C,,,,
165450-2020,7607C,,,,
165450-2020,7608C,,,,
165450-2020,7612C,,,,
165450-2020,7614C,,,,
165450-2020,7615C,,,,
165450-2020,7619C,,,,
165450-2020,7620C,,,,
165550-2020,6205C,,,,
165550-2020,6211C,,,,
165550-2020,6212C,,,,
167668-2020,0602C,,,,
167668-2020,0606C,,,,
167668-2020,0609C,,,,
167668-2020,0605C,,,,
167668-2020,0611C,,,,
187460-2020,5107C,,,,
187460-2020,5110C,,,,
235870-2020,0602C,,,,
235870-2020,0606C,,,,
235870-2020,0609C,,,,
235870-2020,0605C,,,,
235870-2020,0611C,,,,
237643-2020,4501C,,,,
237643-2020,4503C,,,,
255226-2020,4504C,240.0,2020-03-04,2040-03-04,formex
258172-2020,9240C,,,,
268310-2020,9240C,,,,
305052-2020,0102C,300.0,2020-03-10,2045-03-10,formex
305052-2020,0111C,300.0,2020-03-10,2045-03-10,formex
321736-2020,3504C,,,,
321736-2020,3505C,,,,
321736-2020,3506C,,,,
321736-2020,3507C,,,,
321736-2020,3512C,,,,
321736-2020,3514C,,,,
348402-2020,9519C,,,,
358530-2020,9519C,,,,
389013-2020,3302C,84.0,2020-07-24,2027-07-24,formex
389013-2020,3303C,84.0,2020-07-24,2027-07-24,formex
389013-2020,3304C,84.0,2020-07-24,2027-07-24,formex
389013-2020,3315C,84.0,2020-07-24,2027-07-24,formex
389013-2020,3316C,84.0,2020-07-24,2027-07-24,formex
389013-2020,3317C,84.0,2020-07-24,2027-07-24,formex
389013-2020,3318C,84.0,2020-07-24,2027-07-24,formex
389013-2020,3319C,84.0,2020-07-24,2027-07-24,formex
389013-2020,3324C,84.0,2020-07-24,2027-07-24,formex
389013-2020,3325C,84.0,2020-07-24,2027-07-24,formex
389013-2020,3326C,84.0,2020-07-24,2027-07-24,formex
389013-2020,3327C,84.0,2020-07-24,2027-07-24,formex
389013-2020,3328C,84.0,2020-07-24,2027-07-24,formex
389013-2020,3334C,84.0,2020-07-24,2027-07-24,formex
389013-2020,3335C,84.0,2020-07-24,2027-07-24,formex
389013-2020,7301C,84.0,2020-07-24,2027-07-24,formex
389013-2020,3329C,84.0,2020-07-24,2027-07-24,formex
428384-2020,3302C,,,,
428384-2020,3303C,,,,
428384-2020,3304C,,,,
428384-2020,3315C,,,,
428384-2020,3316C,,,,
428384-2020,3317C,,,,
428384-2020,3318C,,,,
428384-2020,3319C,,,,
428384-2020,3324C,,,,
428384-2020,3325C,,,,
428384-2020,3326C,,,,
428384-2020,3327C,,,,
428384-2020,3328C,,,,
428384-2020,3334C,,,,
428384-2020,3335C,,,,
428384-2020,7301C,,,,
428384-2020,3329C,,,,
506055-2020,3302C,264.0,2020-09-25,2042-09-25,formex
506055-2020,3303C,264.0,2020-09-25,2042-09-25,formex
506055-2020,3304C,264.0,2020-09-25,2042-09-25,formex
506055-2020,3315C,264.0,2020-09-25,2042-09-25,formex
506055-2020,3316C,264.0,2020-09-25,2042-09-25,formex
506055-2020,3317C,264.0,2020-09-25,2042-09-25,formex
506055-2020,3318C,264.0,2020-09-25,2042-09-25,formex
506055-2020,3319C,264.0,2020-09-25,2042-09-25,formex
506055-2020,3324C,264.0,2020-09-25,2042-09-25,formex
506055-2020,3325C,264.0,2020-09-25,2042-09-25,formex
506055-2020,3326C,264.0,2020-09-25,2042-09-25,formex
506055-2020,3327C,264.0,2020-09-25,2042-09-25,formex
506055-2020,3328C,264.0,2020-09-25,2042-09-25,formex
506055-2020,3334C,264.0,2020-09-25,2042-09-25,formex
506055-2020,3335C,264.0,2020-09-25,2042-09-25,formex
506055-2020,7301C,264.0,2020-09-25,2042-09-25,formex
506055-2020,3329C,264.0,2020-09-25,2042-09-25,formex
526675-2020,5924C,,,,
535916-2020,4501C,,,,
535916-2020,4503C,,,,
560249-2020,6742C,,,,
578847-2020,7320C,240.0,2020-11-04,2040-11-04,formex
23690-2021,9328C,96.0,2020-12-21,2028-12-21,formex
29207-2021,9225C,,,,
29207-2021,9230C,,,,
139988-2021,9002C,,,,
172542-2021,6901C,240.0,2021-03-15,2041-03-15,formex
172542-2021,6904C,240.0,2021-03-15,2041-03-15,formex
172542-2021,6905C,240.0,2021-03-15,2041-03-15,formex
172542-2021,6906C,240.0,2021-03-15,2041-03-15,formex
172542-2021,6912C,240.0,2021-03-15,2041-03-15,formex
172542-2021,6915C,240.0,2021-03-15,2041-03-15,formex
172542-2021,6923C,240.0,2021-03-15,2041-03-15,formex
172542-2021,6930C,240.0,2021-03-15,2041-03-15,formex
172542-2021,6902C,240.0,2021-03-15,2041-03-15,formex
172542-2021,6908C,240.0,2021-03-15,2041-03-15,formex
172542-2021,6914C,240.0,2021-03-15,2041-03-15,formex
172542-2021,6921C,240.0,2021-03-15,2041-03-15,formex
179283-2021,8301C,,,,
179283-2021,8304C,,,,
179283-2021,8307C,,,,
179569-2021,5417C,,,,
190230-2021,9514C,,,,
204495-2021,6319C,240.0,2021-04-19,2041-04-19,formex
321953-2021,5104C,,,,
329432-2021,6901C,240.0,2014-07-31,2034-07-31,formex
329432-2021,6904C,240.0,2014-07-31,2034-07-31,formex
329432-2021,6905C,240.0,2014-07-31,2034-07-31,formex
329432-2021,6906C,240.0,2014-07-31,2034-07-31,formex
329432-2021,6912C,240.0,2014-07-31,2034-07-31,formex
329432-2021,6915C,240.0,2014-07-31,2034-07-31,formex
329432-2021,6923C,240.0,2014-07-31,2034-07-31,formex
329432-2021,6930C,240.0,2014-07-31,2034-07-31,formex
329432-2021,6902C,240.0,2014-07-31,2034-07-31,formex
329432-2021,6908C,240.0,2014-07-31,2034-07-31,formex
329432-2021,6914C,240.0,2014-07-31,2034-07-31,formex
329432-2021,6921C,240.0,2014-07-31,2034-07-31,formex
352252-2021,4401C,,,,
352252-2021,4403C,,,,
352252-2021,4405C,,,,
352252-2021,4406C,,,,
352252-2021,4407C,,,,
352252-2021,4408C,,,,
352252-2021,4410C,,,,
352252-2021,4411C,,,,
389874-2021,1302C,288.0,2021-06-04,2045-06-04,formex
389874-2021,1303C,288.0,2021-06-04,2045-06-04,formex
389874-2021,1310C,288.0,2021-06-04,2045-06-04,formex
389874-2021,1311C,288.0,2021-06-04,2045-06-04,formex
389874-2021,1315C,288.0,2021-06-04,2045-06-04,formex
389874-2021,1317C,288.0,2021-06-04,2045-06-04,formex
389874-2021,1318C,288.0,2021-06-04,2045-06-04,formex
389874-2021,1319C,288.0,2021-06-04,2045-06-04,formex
389874-2021,1320C,288.0,2021-06-04,2045-06-04,formex
389874-2021,1321C,288.0,2021-06-04,2045-06-04,formex
389874-2021,1322C,288.0,2021-06-04,2045-06-04,formex
389874-2021,1323C,288.0,2021-06-04,2045-06-04,formex
389874-2021,1306C,288.0,2021-06-04,2045-06-04,formex
398354-2021,6207C,,,,
404765-2021,6310C,,,,
447422-2021,3101C,312.0,2015-12-17,2041-12-17,formex
447422-2021,3102C,312.0,2015-12-17,2041-12-17,formex
447422-2021,3103C,312.0,2015-12-17,2041-12-17,formex
447422-2021,3104C,312.0,2015-12-17,2041-12-17,formex
447422-2021,3106C,312.0,2015-12-17,2041-12-17,formex
447422-2021,3107C,312.0,2015-12-17,2041-12-17,formex
447422-2021,3112C,312.0,2015-12-17,2041-12-17,formex
447422-2021,3114C,312.0,2015-12-17,2041-12-17,formex
454332-2021,1001C,,,,
454332-2021,1002C,,,,
464457-2021,6310C,,,,
492668-2021,3101C,312.0,2015-12-17,2041-12-17,formex
492668-2021,3102C,312.0,2015-12-17,2041-12-17,formex
492668-2021,3103C,312.0,2015-12-17,2041-12-17,formex
492668-2021,3104C,312.0,2015-12-17,2041-12-17,formex
492668-2021,3106C,312.0,2015-12-17,2041-12-17,formex
492668-2021,3107C,312.0,2015-12-17,2041-12-17,formex
492668-2021,3112C,312.0,2015-12-17,2041-12-17,formex
492668-2021,3114C,312.0,2015-12-17,2041-12-17,formex
540147-2021,6207C,,,,
571415-2021,2705C,,,,
593683-2021,9225C,72.0,2021-11-01,2027-11-01,formex
593683-2021,9230C,72.0,2021-11-01,2027-11-01,formex
618969-2021,1001C,,,,
618969-2021,1002C,,,,
622919-2021,9505C,,,,
622919-2021,9522C,,,,
622926-2021,9240C,295.0,2021-01-15,2045-08-15,formex
633995-2021,0202C,,,,
643356-2021,4207C,,,,
643356-2021,4208C,,,,
643356-2021,4234C,,,,
643356-2021,4237C,,,,
650756-2021,6310C,,,,
654901-2021,6306C,300.0,2021-09-24,2046-09-24,formex
654901-2021,6307C,300.0,2021-09-24,2046-09-24,formex
654901-2021,6308C,300.0,2021-09-24,2046-09-24,formex
654901-2021,6317C,300.0,2021-09-24,2046-09-24,formex
654901-2021,6303C,300.0,2021-09-24,2046-09-24,formex
665140-2021,7202C,,,,
665140-2021,7203C,,,,
665140-2021,7204C,,,,
665188-2021,9514C,,,,
671873-2021,3101C,,,,
671873-2021,3102C,,,,
671873-2021,3103C,,,,
671873-2021,3104C,,,,
671873-2021,3106C,,,,
671873-2021,3107C,,,,
671873-2021,3112C,,,,
671873-2021,3114C,,,,
676657-2021,3302C,300.0,2021-11-25,2046-11-25,formex
676657-2021,3303C,300.0,2021-11-25,2046-11-25,formex
676657-2021,3304C,300.0,2021-11-25,2046-11-25,formex
676657-2021,3315C,300.0,2021-11-25,2046-11-25,formex
676657-2021,3316C,300.0,2021-11-25,2046-11-25,formex
676657-2021,3317C,300.0,2021-11-25,2046-11-25,formex
676657-2021,3318C,300.0,2021-11-25,2046-11-25,formex
676657-2021,3319C,300.0,2021-11-25,2046-11-25,formex
676657-2021,3324C,300.0,2021-11-25,2046-11-25,formex
676657-2021,3325C,300.0,2021-11-25,2046-11-25,formex
676657-2021,3326C,300.0,2021-11-25,2046-11-25,formex
676657-2021,3327C,300.0,2021-11-25,2046-11-25,formex
676657-2021,3328C,300.0,2021-11-25,2046-11-25,formex
676657-2021,3334C,300.0,2021-11-25,2046-11-25,formex
676657-2021,3335C,300.0,2021-11-25,2046-11-25,formex
676657-2021,7301C,300.0,2021-11-25,2046-11-25,formex
676657-2021,3329C,300.0,2021-11-25,2046-11-25,formex
12942-2022,1401C,,,,
12942-2022,1412C,,,,
12942-2022,1413C,,,,
12942-2022,1414C,,,,
94203-2022,5708C,,,,
94204-2022,5708C,,,,
109704-2022,2705C,,,,
172857-2022,7301C,,,,
192797-2022,5914C,,,,
192797-2022,5920C,,,,
209119-2022,6201C,,,,
214000-2022,2502C,,,,
214001-2022,2502C,,,,
259984-2022,1001C,,,,
259984-2022,1002C,,,,
272639-2022,1401C,,,,
272639-2022,1412C,,,,
272639-2022,1413C,,,,
272639-2022,1414C,,,,
278299-2022,7301C,,,,
290712-2022,6201C,,,,
306530-2022,7501C,,,,
306530-2022,9235C,,,,
331887-2022,1401C,,,,
331887-2022,1412C,,,,
331887-2022,1413C,,,,
331887-2022,1414C,,,,
430905-2022,0202C,237.0,2022-07-11,2042-04-11,formex
433490-2022,6311C,,,,
446195-2022,3802C,,,,
446195-2022,3820C,,,,
446195-2022,3821C,,,,
446195-2022,3827C,,,,
446195-2022,3829C,,,,
446195-2022,3801C,,,,
461493-2022,4501C,,,,
461493-2022,4503C,,,,
482763-2022,1001C,,,,
482763-2022,1002C,,,,
525300-2022,3802C,,,,
525300-2022,3820C,,,,
525300-2022,3821C,,,,
525300-2022,3827C,,,,
525300-2022,3829C,,,,
525300-2022,3801C,,,,
583123-2022,0602C,,,,
583123-2022,0606C,,,,
583123-2022,0609C,,,,
583123-2022,0605C,,,,
583123-2022,0611C,,,,
605505-2022,6901C,,,,
605505-2022,6904C,,,,
605505-2022,6905C,,,,
605505-2022,6906C,,,,
605505-2022,6912C,,,,
605505-2022,6915C,,,,
605505-2022,6923C,,,,
605505-2022,6930C,,,,
605505-2022,6902C,,,,
605505-2022,6908C,,,,
605505-2022,6914C,,,,
605505-2022,6921C,,,,
678223-2022,4501C,,,,
678223-2022,4503C,,,,
686742-2022,9304C,360.0,1976-12-31,2006-12-31,formex
686742-2022,9309C,360.0,1976-12-31,2006-12-31,formex
686742-2022,9312C,360.0,1976-12-31,2006-12-31,formex
692102-2022,3101C,354.0,2015-12-17,2045-06-17,formex
692102-2022,3102C,354.0,2015-12-17,2045-06-17,formex
692102-2022,3103C,354.0,2015-12-17,2045-06-17,formex
692102-2022,3104C,354.0,2015-12-17,2045-06-17,formex
692102-2022,3106C,354.0,2015-12-17,2045-06-17,formex
692102-2022,3107C,354.0,2015-12-17,2045-06-17,formex
692102-2022,3112C,354.0,2015-12-17,2045-06-17,formex
692102-2022,3114C,354.0,2015-12-17,2045-06-17,formex
717133-2022,5104C,,,,
718155-2022,5104C,,,,
727673-2022,3514C,,,,
730085-2022,5104C,,,,
7414-2023,6104C,,,,
18209-2023,6104C,,,,
20785-2023,7805C,240.0,2012-06-25,2032-06-25,formex
56155-2023,5914C,,,,
56155-2023,5920C,,,,
78328-2023,2501C,,,,
78328-2023,2518C,,,,
78328-2023,2506C,,,,
78328-2023,2512C,,,,
78380-2023,4401C,,,,
78380-2023,4403C,,,,
78380-2023,4405C,,,,
78380-2023,4406C,,,,
78380-2023,4407C,,,,
78380-2023,4408C,,,,
78380-2023,4410C,,,,
78380-2023,4411C,,,,
92620-2023,2501C,,,,
92620-2023,2518C,,,,
92620-2023,2506C,,,,
92620-2023,2512C,,,,
111484-2023,7601C,,,,
111484-2023,7605C,,,,
111484-2023,7606C,,,,
111484-2023,7607C,,,,
111484-2023,7608C,,,,
111484-2023,7612C,,,,
111484-2023,7614C,,,,
111484-2023,7615C,,,,
111484-2023,7619C,,,,
111484-2023,7620C,,,,
122274-2023,2703C,,,,
126333-2023,9505C,300.0,2023-01-12,2048-01-12,formex
126333-2023,9522C,300.0,2023-01-12,2048-01-12,formex
152862-2023,3302C,84.0,2020-07-24,2027-07-24,formex
152862-2023,3303C,84.0,2020-07-24,2027-07-24,formex
152862-2023,3304C,84.0,2020-07-24,2027-07-24,formex
152862-2023,3315C,84.0,2020-07-24,2027-07-24,formex
152862-2023,3316C,84.0,2020-07-24,2027-07-24,formex
152862-2023,3317C,84.0,2020-07-24,2027-07-24,formex
152862-2023,3318C,84.0,2020-07-24,2027-07-24,formex
152862-2023,3319C,84.0,2020-07-24,2027-07-24,formex
152862-2023,3324C,84.0,2020-07-24,2027-07-24,formex
152862-2023,3325C,84.0,2020-07-24,2027-07-24,formex
152862-2023,3326C,84.0,2020-07-24,2027-07-24,formex
152862-2023,3327C,84.0,2020-07-24,2027-07-24,formex
152862-2023,3328C,84.0,2020-07-24,2027-07-24,formex
152862-2023,3334C,84.0,2020-07-24,2027-07-24,formex
152862-2023,3335C,84.0,2020-07-24,2027-07-24,formex
152862-2023,7301C,84.0,2020-07-24,2027-07-24,formex
152862-2023,3329C,84.0,2020-07-24,2027-07-24,formex
157034-2023,7601C,,,,
157034-2023,7605C,,,,
157034-2023,7606C,,,,
157034-2023,7607C,,,,
157034-2023,7608C,,,,
157034-2023,7612C,,,,
157034-2023,7614C,,,,
157034-2023,7615C,,,,
157034-2023,7619C,,,,
157034-2023,7620C,,,,
168746-2023,3805C,,,,
215300-2023,3504C,,,,
215300-2023,3505C,,,,
215300-2023,3506C,,,,
215300-2023,3507C,,,,
215300-2023,3512C,,,,
215300-2023,3514C,,,,
224397-2023,3514C,,,,
243924-2023,3101C,,,,
243924-2023,3102C,,,,
243924-2023,3103C,,,,
243924-2023,3104C,,,,
243924-2023,3106C,,,,
243924-2023,3107C,,,,
243924-2023,3112C,,,,
243924-2023,3114C,,,,
256430-2023,3302C,,,,
256430-2023,3303C,,,,
256430-2023,3304C,,,,
256430-2023,3315C,,,,
256430-2023,3316C,,,,
256430-2023,3317C,,,,
256430-2023,3318C,,,,
256430-2023,3319C,,,,
256430-2023,3324C,,,,
256430-2023,3325C,,,,
256430-2023,3326C,,,,
256430-2023,3327C,,,,
256430-2023,3328C,,,,
256430-2023,3334C,,,,
256430-2023,3335C,,,,
256430-2023,7301C,,,,
256430-2023,3329C,,,,
290951-2023,6207C,294.0,2023-02-07,2047-08-07,formex
293751-2023,6901C,,,,
293751-2023,6904C,,,,
293751-2023,6905C,,,,
293751-2023,6906C,,,,
293751-2023,6912C,,,,
293751-2023,6915C,,,,
293751-2023,6923C,,,,
293751-2023,6930C,,,,
293751-2023,6902C,,,,
293751-2023,6908C,,,,
293751-2023,6914C,,,,
293751-2023,6921C,,,,
343490-2023,6901C,,,,
343490-2023,6904C,,,,
343490-2023,6905C,,,,
343490-2023,6906C,,,,
343490-2023,6912C,,,,
343490-2023,6915C,,,,
343490-2023,6923C,,,,
343490-2023,6930C,,,,
343490-2023,6902C,,,,
343490-2023,6908C,,,,
343490-2023,6914C,,,,
343490-2023,6921C,,,,
349731-2023,3302C,,,,
349731-2023,3303C,,,,
349731-2023,3304C,,,,
349731-2023,3315C,,,,
349731-2023,3316C,,,,
349731-2023,3317C,,,,
349731-2023,3318C,,,,
349731-2023,3319C,,,,
349731-2023,3324C,,,,
349731-2023,3325C,,,,
349731-2023,3326C,,,,
349731-2023,3327C,,,,
349731-2023,3328C,,,,
349731-2023,3334C,,,,
349731-2023,3335C,,,,
349731-2023,7301C,,,,
349731-2023,3329C,,,,
364143-2023,6901C,,,,
364143-2023,6904C,,,,
364143-2023,6905C,,,,
364143-2023,6906C,,,,
364143-2023,6912C,,,,
364143-2023,6915C,,,,
364143-2023,6923C,,,,
364143-2023,6930C,,,,
364143-2023,6902C,,,,
364143-2023,6908C,,,,
364143-2023,6914C,,,,
364143-2023,6921C,,,,
383023-2023,3101C,300.0,2023-05-23,2048-05-23,formex
383023-2023,3102C,300.0,2023-05-23,2048-05-23,formex
383023-2023,3103C,300.0,2023-05-23,2048-05-23,formex
383023-2023,3104C,300.0,2023-05-23,2048-05-23,formex
383023-2023,3106C,300.0,2023-05-23,2048-05-23,formex
383023-2023,3107C,300.0,2023-05-23,2048-05-23,formex
383023-2023,3112C,300.0,2023-05-23,2048-05-23,formex
383023-2023,3114C,300.0,2023-05-23,2048-05-23,formex
393743-2023,3802C,264.0,2023-06-20,2045-06-20,formex
393743-2023,3820C,264.0,2023-06-20,2045-06-20,formex
393743-2023,3821C,264.0,2023-06-20,2045-06-20,formex
393743-2023,3827C,264.0,2023-06-20,2045-06-20,formex
393743-2023,3829C,264.0,2023-06-20,2045-06-20,formex
393743-2023,3801C,264.0,2023-06-20,2045-06-20,formex
415830-2023,6702C,,,,
415830-2023,6703C,,,,
415830-2023,6708C,,,,
415830-2023,6709C,,,,
415830-2023,6713C,,,,
415830-2023,6722C,,,,
415830-2023,6725C,,,,
415830-2023,6726C,,,,
415830-2023,6727C,,,,
415830-2023,6728C,,,,
415830-2023,6731C,,,,
415830-2023,6733C,,,,
415830-2023,6735C,,,,
415830-2023,6738C,,,,
415830-2023,6739C,,,,
415830-2023,6741C,,,,
415830-2023,6704C,,,,
415830-2023,6705C,,,,
415830-2023,6730C,,,,
419667-2023,3701C,,,,
419667-2023,3702C,,,,
419667-2023,3704C,,,,
419667-2023,3705C,,,,
419667-2023,3708C,,,,
419667-2023,3709C,,,,
419667-2023,3712C,,,,
419667-2023,3713C,,,,
419667-2023,3714C,,,,
419667-2023,3710C,,,,
419667-2023,3711C,,,,
445297-2023,7601C,,,,
445297-2023,7605C,,,,
445297-2023,7606C,,,,
445297-2023,7607C,,,,
445297-2023,7608C,,,,
445297-2023,7612C,,,,
445297-2023,7614C,,,,
445297-2023,7615C,,,,
445297-2023,7619C,,,,
445297-2023,7620C,,,,
446367-2023,5901C,,,,
446367-2023,5904C,,,,
446367-2023,5905C,,,,
446367-2023,5906C,,,,
446367-2023,5907C,,,,
446367-2023,5909C,,,,
446367-2023,5910C,,,,
446367-2023,5911C,,,,
446367-2023,5917C,,,,
446367-2023,5925C,,,,
446367-2023,5926C,,,,
446367-2023,5927C,,,,
446367-2023,5928C,,,,
446367-2023,5918C,,,,
446367-2023,5919C,,,,
454081-2023,4501C,,,,
454081-2023,4503C,,,,
454081-2023,4505C,,,,
456949-2023,0109C,,,,
458700-2023,4504C,360.0,2020-04-04,2050-04-04,formex
459488-2023,3302C,,,,
459488-2023,3303C,,,,
459488-2023,3304C,,,,
459488-2023,3315C,,,,
459488-2023,3316C,,,,
459488-2023,3317C,,,,
459488-2023,3318C,,,,
459488-2023,3319C,,,,
459488-2023,3324C,,,,
459488-2023,3325C,,,,
459488-2023,3326C,,,,
459488-2023,3327C,,,,
459488-2023,3328C,,,,
459488-2023,3334C,,,,
459488-2023,3335C,,,,
459488-2023,7301C,,,,
459488-2023,3329C,,,,
490452-2023,3302C,84.0,2020-07-24,2027-07-24,formex
490452-2023,3303C,84.0,2020-07-24,2027-07-24,formex
490452-2023,3304C,84.0,2020-07-24,2027-07-24,formex
490452-2023,3315C,84.0,2020-07-24,2027-07-24,formex
490452-2023,3316C,84.0,2020-07-24,2027-07-24,formex
490452-2023,3317C,84.0,2020-07-24,2027-07-24,formex
490452-2023,3318C,84.0,2020-07-24,2027-07-24,formex
490452-2023,3319C,84.0,2020-07-24,2027-07-24,formex
490452-2023,3324C,84.0,2020-07-24,2027-07-24,formex
490452-2023,3325C,84.0,2020-07-24,2027-07-24,formex
490452-2023,3326C,84.0,2020-07-24,2027-07-24,formex
490452-2023,3327C,84.0,2020-07-24,2027-07-24,formex
490452-2023,3328C,84.0,2020-07-24,2027-07-24,formex
490452-2023,3334C,84.0,2020-07-24,2027-07-24,formex
490452-2023,3335C,84.0,2020-07-24,2027-07-24,formex
490452-2023,7301C,84.0,2020-07-24,2027-07-24,formex
490452-2023,3329C,84.0,2020-07-24,2027-07-24,formex
532642-2023,2502C,180.0,2023-07-03,2038-07-03,formex
542258-2023,1401C,300.0,2023-07-06,2048-07-06,formex
542258-2023,1412C,300.0,2023-07-06,2048-07-06,formex
542258-2023,1413C,300.0,2023-07-06,2048-07-06,formex
542258-2023,1414C,300.0,2023-07-06,2048-07-06,formex
612426-2023,7402C,,,,
612426-2023,7421C,,,,
612426-2023,7424C,,,,
612426-2023,7477C,,,,
625068-2023,5923C,,,,
625828-2023,7417C,,,,
661311-2023,0109C,,,,
662789-2023,3701C,,,,
662789-2023,3702C,,,,
662789-2023,3704C,,,,
662789-2023,3705C,,,,
662789-2023,3708C,,,,
662789-2023,3709C,,,,
662789-2023,3712C,,,,
662789-2023,3713C,,,,
662789-2023,3714C,,,,
662789-2023,3710C,,,,
662789-2023,3711C,,,,
676592-2023,9311C,,,,
779788-2023,6901C,300.0,2016-09-19,2041-09-19,formex
779788-2023,6904C,300.0,2016-09-19,2041-09-19,formex
779788-2023,6905C,300.0,2016-09-19,2041-09-19,formex
779788-2023,6906C,300.0,2016-09-19,2041-09-19,formex
779788-2023,6912C,300.0,2016-09-19,2041-09-19,formex
779788-2023,6915C,300.0,2016-09-19,2041-09-19,formex
779788-2023,6923C,300.0,2016-09-19,2041-09-19,formex
779788-2023,6930C,300.0,2016-09-19,2041-09-19,formex
779788-2023,6902C,300.0,2016-09-19,2041-09-19,formex
779788-2023,6908C,300.0,2016-09-19,2041-09-19,formex
779788-2023,6914C,300.0,2016-09-19,2041-09-19,formex
779788-2023,6921C,300.0,2016-09-19,2041-09-19,formex
779949-2023,3302C,,,,
779949-2023,3303C,,,,
779949-2023,3304C,,,,
779949-2023,3315C,,,,
779949-2023,3316C,,,,
779949-2023,3317C,,,,
779949-2023,3318C,,,,
779949-2023,3319C,,,,
779949-2023,3324C,,,,
779949-2023,3325C,,,,
779949-2023,3326C,,,,
779949-2023,3327C,,,,
779949-2023,3328C,,,,
779949-2023,3334C,,,,
779949-2023,3335C,,,,
779949-2023,7301C,,,,
779949-2023,3329C,,,,
785702-2023,3302C,,,,
785702-2023,3303C,,,,
785702-2023,3304C,,,,
785702-2023,3315C,,,,
785702-2023,3316C,,,,
785702-2023,3317C,,,,
785702-2023,3318C,,,,
785702-2023,3319C,,,,
785702-2023,3324C,,,,
785702-2023,3325C,,,,
785702-2023,3326C,,,,
785702-2023,3327C,,,,
785702-2023,3328C,,,,
785702-2023,3334C,,,,
785702-2023,3335C,,,,
785702-2023,7301C,,,,
785702-2023,3329C,,,,
793346-2023,1317C,,,,
19759-2024,3302C,264.0,2020-09-25,2042-09-25,formex
19759-2024,3303C,264.0,2020-09-25,2042-09-25,formex
19759-2024,3304C,264.0,2020-09-25,2042-09-25,formex
19759-2024,3315C,264.0,2020-09-25,2042-09-25,formex
19759-2024,3316C,264.0,2020-09-25,2042-09-25,formex
19759-2024,3317C,264.0,2020-09-25,2042-09-25,formex
19759-2024,3318C,264.0,2020-09-25,2042-09-25,formex
19759-2024,3319C,264.0,2020-09-25,2042-09-25,formex
19759-2024,3324C,264.0,2020-09-25,2042-09-25,formex
19759-2024,3325C,264.0,2020-09-25,2042-09-25,formex
19759-2024,3326C,264.0,2020-09-25,2042-09-25,formex
19759-2024,3327C,264.0,2020-09-25,2042-09-25,formex
19759-2024,3328C,264.0,2020-09-25,2042-09-25,formex
19759-2024,3334C,264.0,2020-09-25,2042-09-25,formex
19759-2024,3335C,264.0,2020-09-25,2042-09-25,formex
19759-2024,7301C,264.0,2020-09-25,2042-09-25,formex
19759-2024,3329C,264.0,2020-09-25,2042-09-25,formex
91358-2024,3302C,,,,
91358-2024,3303C,,,,
91358-2024,3304C,,,,
91358-2024,3315C,,,,
91358-2024,3316C,,,,
91358-2024,3317C,,,,
91358-2024,3318C,,,,
91358-2024,3319C,,,,
91358-2024,3324C,,,,
91358-2024,3325C,,,,
91358-2024,3326C,,,,
91358-2024,3327C,,,,
91358-2024,3328C,,,,
91358-2024,3334C,,,,
91358-2024,3335C,,,,
91358-2024,7301C,,,,
91358-2024,3329C,,,,
147508-2024,3302C,,,,
147508-2024,3303C,,,,
147508-2024,3304C,,,,
147508-2024,3315C,,,,
147508-2024,3316C,,,,
147508-2024,3317C,,,,
147508-2024,3318C,,,,
147508-2024,3319C,,,,
147508-2024,3324C,,,,
147508-2024,3325C,,,,
147508-2024,3326C,,,,
147508-2024,3327C,,,,
147508-2024,3328C,,,,
147508-2024,3334C,,,,
147508-2024,3335C,,,,
147508-2024,7301C,,,,
147508-2024,3329C,,,,
176397-2024,1204C,,,,
192624-2024,8401C,,,,
194116-2024,3302C,,,,
194116-2024,3303C,,,,
194116-2024,3304C,,,,
194116-2024,3315C,,,,
194116-2024,3316C,,,,
194116-2024,3317C,,,,
194116-2024,3318C,,,,
194116-2024,3319C,,,,
194116-2024,3324C,,,,
194116-2024,3325C,,,,
194116-2024,3326C,,,,
194116-2024,3327C,,,,
194116-2024,3328C,,,,
194116-2024,3334C,,,,
194116-2024,3335C,,,,
194116-2024,7301C,,,,
194116-2024,3329C,,,,
207381-2024,1204C,,,,
270371-2024,7803C,,,,
301167-2024,8401C,,,,
304293-2024,2606C,,,,
360450-2024,5914C,,,,
360450-2024,5920C,,,,
422723-2024,6101C,,,,
422723-2024,6109C,,,,
447759-2024,5914C,,,,
447759-2024,5920C,,,,
484025-2024,6005C,,,,
504141-2024,0602C,,,,
504141-2024,0606C,,,,
504141-2024,0609C,,,,
504141-2024,0605C,,,,
504141-2024,0611C,,,,
652890-2024,1803C,,,,
655807-2024,4501C,,,,
655807-2024,4503C,,,,
655807-2024,4505C,,,,
669934-2024,4501C,,,,
669934-2024,4503C,,,,
669934-2024,4505C,,,,
685237-2024,9222C,,,,
762386-2024,3504C,,,,
762386-2024,3505C,,,,
762386-2024,3506C,,,,
762386-2024,3507C,,,,
762386-2024,3512C,,,,
762386-2024,3514C,,,,
60210-2025,3701C,312.0,2024-12-09,2050-12-09,eforms
60210-2025,3702C,312.0,2024-12-09,2050-12-09,eforms
60210-2025,3704C,312.0,2024-12-09,2050-12-09,eforms
60210-2025,3705C,312.0,2024-12-09,2050-12-09,eforms
60210-2025,3708C,312.0,2024-12-09,2050-12-09,eforms
60210-2025,3709C,312.0,2024-12-09,2050-12-09,eforms
60210-2025,3712C,312.0,2024-12-09,2050-12-09,eforms
60210-2025,3713C,312.0,2024-12-09,2050-12-09,eforms
60210-2025,3714C,312.0,2024-12-09,2050-12-09,eforms
60210-2025,3710C,312.0,2024-12-09,2050-12-09,eforms
60210-2025,3711C,312.0,2024-12-09,2050-12-09,eforms
80194-2025,4509C,,,,
206180-2025,9414C,,,,
245928-2025,0602C,,,,
245928-2025,0606C,,,,
245928-2025,0609C,,,,
245928-2025,0605C,,,,
245928-2025,0611C,,,,
330817-2025,6802C,,,,
330817-2025,6810C,,,,
330817-2025,6822C,,,,
330817-2025,6803C,,,,
330817-2025,6821C,,,,
335359-2025,7809C,,,,
335359-2025,7820C,,,,
366868-2025,5901C,240.0,2025-04-24,2045-04-24,eforms
366868-2025,5904C,240.0,2025-04-24,2045-04-24,eforms
366868-2025,5905C,240.0,2025-04-24,2045-04-24,eforms
366868-2025,5906C,240.0,2025-04-24,2045-04-24,eforms
366868-2025,5907C,240.0,2025-04-24,2045-04-24,eforms
366868-2025,5909C,240.0,2025-04-24,2045-04-24,eforms
366868-2025,5910C,240.0,2025-04-24,2045-04-24,eforms
366868-2025,5911C,240.0,2025-04-24,2045-04-24,eforms
366868-2025,5917C,240.0,2025-04-24,2045-04-24,eforms
366868-2025,5925C,240.0,2025-04-24,2045-04-24,eforms
366868-2025,5926C,240.0,2025-04-24,2045-04-24,eforms
366868-2025,5927C,240.0,2025-04-24,2045-04-24,eforms
366868-2025,5928C,240.0,2025-04-24,2045-04-24,eforms
366868-2025,5918C,240.0,2025-04-24,2045-04-24,eforms
366868-2025,5919C,240.0,2025-04-24,2045-04-24,eforms
421347-2025,7901C,,,,
421347-2025,7905C,,,,
437316-2025,1302C,,,,
437316-2025,1319C,,,,
437316-2025,1322C,,,,
437316-2025,1306C,,,,
453192-2025,1323C,,,,
456848-2025,6310C,,,,
464064-2025,6404C,,,,
465224-2025,6702C,288.0,2025-06-27,2049-06-27,eforms
465224-2025,6703C,288.0,2025-06-27,2049-06-27,eforms
465224-2025,6708C,288.0,2025-06-27,2049-06-27,eforms
465224-2025,6709C,288.0,2025-06-27,2049-06-27,eforms
465224-2025,6713C,288.0,2025-06-27,2049-06-27,eforms
465224-2025,6722C,288.0,2025-06-27,2049-06-27,eforms
465224-2025,6725C,288.0,2025-06-27,2049-06-27,eforms
465224-2025,6726C,288.0,2025-06-27,2049-06-27,eforms
465224-2025,6727C,288.0,2025-06-27,2049-06-27,eforms
465224-2025,6728C,288.0,2025-06-27,2049-06-27,eforms
465224-2025,6731C,288.0,2025-06-27,2049-06-27,eforms
465224-2025,6733C,288.0,2025-06-27,2049-06-27,eforms
465224-2025,6735C,288.0,2025-06-27,2049-06-27,eforms
465224-2025,6738C,288.0,2025-06-27,2049-06-27,eforms
465224-2025,6739C,288.0,2025-06-27,2049-06-27,eforms
465224-2025,6741C,288.0,2025-06-27,2049-06-27,eforms
465224-2025,6704C,288.0,2025-06-27,2049-06-27,eforms
465224-2025,6705C,288.0,2025-06-27,2049-06-27,eforms
465224-2025,6730C,288.0,2025-06-27,2049-06-27,eforms
479144-2025,6101C,,,,
479144-2025,6109C,,,,
631250-2025,3101C,,,,
631250-2025,3102C,,,,
631250-2025,3103C,,,,
631250-2025,3104C,,,,
631250-2025,3106C,,,,
631250-2025,3107C,,,,
631250-2025,3112C,,,,
631250-2025,3114C,,,,
667879-2025,3504C,,,,
667879-2025,3505C,,,,
667879-2025,3506C,,,,
667879-2025,3507C,,,,
667879-2025,3512C,,,,
667879-2025,3514C,,,,
693951-2025,6202C,,,,
774741-2025,1102C,,,,
781454-2025,3824C,,,,
835396-2025,5401C,,,,
835396-2025,5403C,,,,
835396-2025,5407C,,,,
835396-2025,5410C,,,,
835396-2025,5411C,,,,
835396-2025,5413C,,,,
843241-2025,7805C,,,,
843241-2025,7811C,,,,
843241-2025,9240C,,,,
843241-2025,9509C,,,,
843241-2025,9523C,,,,
853078-2025,7805C,,,,
853078-2025,7811C,,,,
853078-2025,9240C,,,,
853078-2025,9509C,,,,
853078-2025,9523C,,,,
863948-2025,1102C,,,,
16529-2026,5901C,240.0,2025-10-17,2045-10-17,eforms
16529-2026,5904C,240.0,2025-10-17,2045-10-17,eforms
16529-2026,5905C,240.0,2025-10-17,2045-10-17,eforms
16529-2026,5906C,240.0,2025-10-17,2045-10-17,eforms
16529-2026,5907C,240.0,2025-10-17,2045-10-17,eforms
16529-2026,5909C,240.0,2025-10-17,2045-10-17,eforms
16529-2026,5910C,240.0,2025-10-17,2045-10-17,eforms
16529-2026,5911C,240.0,2025-10-17,2045-10-17,eforms
16529-2026,5917C,240.0,2025-10-17,2045-10-17,eforms
16529-2026,5925C,240.0,2025-10-17,2045-10-17,eforms
16529-2026,5926C,240.0,2025-10-17,2045-10-17,eforms
16529-2026,5927C,240.0,2025-10-17,2045-10-17,eforms
16529-2026,5928C,240.0,2025-10-17,2045-10-17,eforms
16529-2026,5918C,240.0,2025-10-17,2045-10-17,eforms
16529-2026,5919C,240.0,2025-10-17,2045-10-17,eforms
69445-2026,1906C,312.0,2025-12-08,2051-12-08,eforms
69445-2026,6317C,312.0,2025-12-08,2051-12-08,eforms
151941-2026,3101C,,,,
151941-2026,3102C,,,,
151941-2026,3103C,,,,
151941-2026,3104C,,,,
151941-2026,3106C,,,,
151941-2026,3107C,,,,
151941-2026,3112C,,,,
151941-2026,3114C,,,,
173897-2026,3101C,,,,
173897-2026,3102C,,,,
173897-2026,3103C,,,,
173897-2026,3104C,,,,
173897-2026,3106C,,,,
173897-2026,3107C,,,,
173897-2026,3112C,,,,
173897-2026,3114C,,,,
179953-2026,4101C,,,,
179953-2026,4106C,,,,
191750-2026,5923C,,,,
313284-2026,7601C,,,,
313284-2026,7605C,,,,
313284-2026,7606C,,,,
313284-2026,7607C,,,,
313284-2026,7608C,,,,
313284-2026,7612C,,,,
313284-2026,7614C,,,,
313284-2026,7615C,,,,
313284-2026,7619C,,,,
313284-2026,7620C,,,,
325439-2026,5101C,,,,
325439-2026,5106C,,,,
325439-2026,5108C,,,,
428014-2026,4905C,,,,
448426-2026,0602C,,,,
448426-2026,0606C,,,,
448426-2026,0609C,,,,
448426-2026,0605C,,,,
448426-2026,0611C,,,,
478735-2026,9222C,,,,
514321-2026,0301C,,,,
514321-2026,3510C,,,,
514321-2026,3516C,,,,
514321-2026,0309C,,,,
514321-2026,3519C,,,,
554801-2026,7809C,,,,
554801-2026,7820C,,,,
634249-2026,4905C,60.0,2026-08-07,2031-08-07,eforms
691918-2026,3701C,,,,
691918-2026,3702C,,,,
691918-2026,3704C,,,,
691918-2026,3705C,,,,
691918-2026,3708C,,,,
691918-2026,3709C,,,,
691918-2026,3712C,,,,
691918-2026,3713C,,,,
691918-2026,3714C,,,,
691918-2026,3710C,,,,
691918-2026,3711C,,,,
