siren,nom,groupe,est_engie,terme_recherche,nb_etablissements,activite_principale,date_creation
456500537,DALKIA,Dalkia (EDF),False,Dalkia,657,35.30Z,1956-01-01
066201120,DALKIA FROID SOLUTIONS,Dalkia (EDF),False,Dalkia,168,33.12Z,1966-01-01
493129886,DALKIA BIOGAZ,Dalkia (EDF),False,Dalkia,22,71.12B,2006-12-01
798025276,DALKIA EN,Dalkia (EDF),False,Dalkia,6,33.11Z,2013-09-23
503328338,DALKIA AIR SOLUTIONS,Dalkia (EDF),False,Dalkia,16,35.30Z,2008-03-18
379196181,DALKIA ATLANTIQUE SERVICES,Dalkia (EDF),False,Dalkia,27,71.12B,1990-08-01
513474916,DALKIA BIOMASSE TOURS,Dalkia (EDF),False,Dalkia,3,35.30Z,2009-07-01
512300740,DALKIA BIOGAZ VALODUO,Dalkia (EDF),False,Dalkia,7,35.11Z,2009-04-29
533660114,DALKIA BIOGAZ COLONARD,Dalkia (EDF),False,Dalkia,6,35.11Z,2011-07-11
519136485,DALAE - DALKIA ALES ENERGIE,Dalkia (EDF),False,Dalkia,6,35.11Z,2009-10-23
501592307,DALKIA SMART BUILDING,Dalkia (EDF),False,Dalkia,7,71.12B,2007-12-18
513464636,DALKIA BIOMASSE ORLEANS,Dalkia (EDF),False,Dalkia,3,35.30Z,2009-07-01
513474882,DALKIA BIOMASSE RENNES,Dalkia (EDF),False,Dalkia,3,35.30Z,2009-07-01
513474908,DALKIA BIOMASSE ANGERS,Dalkia (EDF),False,Dalkia,3,35.30Z,2009-07-01
488862749,CAMPUS DALKIA,Dalkia (EDF),False,Dalkia,3,85.59A,2006-02-01
348856162,CE DALKIA IDF,Dalkia (EDF),False,Dalkia,3,94.20Z,1988-11-07
851874891,DALKIA SUISSE,Dalkia (EDF),False,Dalkia,1,43.22B,2019-04-01
404434987,DALKIA INVESTISSEMENT,Dalkia (EDF),False,Dalkia,9,74.90B,1996-02-15
529849390,DALKIA CENTRE OUEST INVESTISSEMENT (DCOI),Dalkia (EDF),False,Dalkia,3,71.12B,2011-01-12
904716206,DALKIA MIDDLE EAST,Dalkia (EDF),False,Dalkia,1,70.10Z,2021-10-20
444885933,CE DALKIA FACILITIES MANAGEMENT,Dalkia (EDF),False,Dalkia,1,94.20Z,2002-09-16
472200245,DALKIA SOLUTIONS EDUCATION,Dalkia (EDF),False,Dalkia,5,35.30Z,1972-01-01
818952913,CE DALKIA CENTRE OUEST,Dalkia (EDF),False,Dalkia,1,94.20Z,2015-07-10
950994723,DALKIA LOVES WINE,Dalkia (EDF),False,Dalkia,1,58.14Z,2023-02-01
509534822,DALKIA INFRASTRUCTURES DE TELECOMMUNICATIONS,Dalkia (EDF),False,Dalkia,8,42.22Z,2008-12-03
412561706,CORIANCE,Coriance,False,Coriance,8,35.30Z,1997-06-16
381729292,CORIANCE,Coriance,False,Coriance,4,70.22Z,1991-04-15
820677896,CORIANCE DIRECTION,Coriance,False,Coriance,2,64.20Z,2016-05-26
820685634,CORIANCE HOLDING,Coriance,False,Coriance,2,70.22Z,2016-05-26
752807933,CORIANCE GROUPE,Coriance,False,Coriance,2,64.20Z,2012-07-13
952390763,GROUPE CORIANCE,Coriance,False,Coriance,2,66.30Z,2023-05-09
820617520,CORIANCE HOLDING 3,Coriance,False,Coriance,3,70.10Z,2016-05-26
820615649,CORIANCE HOLDING 1,Coriance,False,Coriance,2,70.22Z,2016-05-26
440310985,CASTRES ENERGIE SERVICES (C.E.S),Coriance,False,Coriance,5,35.30Z,2001-12-20
794402834,MONT-SAINT-AIGNAN ENERGIE VERTE (MAEV),Coriance,False,Coriance,2,35.30Z,2013-07-01
792364440,SOCIETE DIJONNAISE D'ENERGIE NOUVELLE (SODIEN),Coriance,False,Coriance,2,35.30Z,2013-01-01
800507816,AUXERRE ENERGIE VERTE (AUXEV),Coriance,False,Coriance,2,35.30Z,2014-01-14
993020387,ENERGIES VERTES DU NORD (EV'NORD),Coriance,False,Coriance,1,35.30Z,2025-10-28
902073774,SALON-DE-PROVENCE ENERGIE VERTE (SEV),Coriance,False,Coriance,2,35.30Z,2021-07-19
824964373,ENERGIE VERTE DE VALENCE (EVVA),Coriance,False,Coriance,2,35.30Z,2016-12-19
494443518,SOCIETE THERMIQUE DE VILLIERS LE BEL GONESSE,Coriance,False,Coriance,2,35.30Z,2007-01-25
978897585,METROPOLE MEYLAN ENERGIE VERTE (GRENOBLE ALPES CHALEUR MEYLAN),Coriance,False,Coriance,3,35.30Z,2023-07-21
828303362,GREEN ENERGIE BRIVE (GEB),Coriance,False,Coriance,2,35.30Z,2017-01-01
491600680,IDEX,Idex,False,Idex,1,70.22Z,2006-08-08
994742062,IDEX,Idex,False,Idex,1,49.41B,2024-12-01
534793609,IDEX,Idex,False,Idex,3,64.20Z,2011-09-15
404410094,IMPORT DISTRIBUTION EXPORT (IDEX),Idex,False,Idex,2,49.41B,1996-03-05
315871640,IDEX ENERGIES,Idex,False,Idex,198,35.30Z,1976-01-01
338701360,IDEX TERRITOIRES (SINERG),Idex,False,Idex,50,35.11Z,1986-07-01
901048827,IDEX SOLAR,Idex,False,Idex,12,74.90B,2021-06-17
391809753,IDEX,Idex,False,Idex,1,46.90Z,1993-07-01
331330175,IDEX ENVIRONNEMENT,Idex,False,Idex,14,38.21Z,1984-11-20
940320690,IDEX EP,Idex,False,Idex,5,43.22B,2025-01-17
929422962,IDEX SOLAIRE ET MOBILITE,Idex,False,Idex,7,35.11Z,2024-05-29
922247846,IDEX SOLAR AUTOCONSOMMATION,Idex,False,Idex,4,35.11Z,2022-12-09
901318519,IDEX GREEN FACTORY,Idex,False,Idex,4,35.11Z,2021-07-01
894021567,IDEX SOLAR INJECTION 01,Idex,False,Idex,10,35.11Z,2021-01-08
438858649,IDEX ENERGIE ANTILLES GUYANE,Idex,False,Idex,13,43.22B,2001-08-01
832416465,IDEX SAS,Idex,False,Idex,5,47.19B,2017-09-19
899217236,IDEX AUTOMOTIVE,Idex,False,Idex,1,45.11Z,2021-05-06
439008343,IDEX LA DEFENSE,Idex,False,Idex,4,35.30Z,2001-08-27
451240287,IDEX INFRA,Idex,False,Idex,9,64.20Z,2003-12-15
751161886,IDEX ENERGIE 971,Idex,False,Idex,2,43.22B,2012-04-04
837938471,IDEX SOLAIRE AINTEREXPO,Idex,False,Idex,3,35.11Z,2018-02-16
552046955,ENGIE ENERGIE SERVICES (ENGIE E.S.),ENGIE Solutions,True,ENGIE Cofely,1239,35.30Z,1955-01-01
542107651,ENGIE,ENGIE Solutions,True,ENGIE Cofely,1419,35.23Z,1954-01-01
422572214,SNC COGELYO ILE DE FRANCE,ENGIE Solutions,True,ENGIE Cofely,9,35.11Z,1999-03-15
890793904,ENGIE GBS SOLUTIONS,ENGIE Solutions,True,ENGIE Solutions,6,82.11Z,2020-10-15
834311045,ENGIE SOLUTIONS H2 (ES H2),ENGIE Solutions,True,ENGIE Solutions,3,20.11Z,2018-01-01
981593742,ENGIE SOLUTIONS GRANDES INFRASTRUCTURES INDUSTRIELLES,ENGIE Solutions,True,ENGIE Solutions,3,35.11Z,2023-11-10
440267177,AXIMA REFRIGERATION FRANCE (QUIRI REFRIGERATION),ENGIE Solutions,True,ENGIE Solutions,146,33.20B,2001-12-13
101301794,AMICALE DES RETRAITES D'ENGIE SOLUTIONS (ERES),ENGIE Solutions,True,ENGIE Solutions,1,94.99Z,1983-03-11
409867942,INEO INFRACOM,ENGIE Solutions,True,ENGIE Solutions,92,42.22Z,1996-11-19
919510123,ENGIE SOLUTIONS INFRASTRUCTURES LOCALES,ENGIE Solutions,True,ENGIE Solutions,2,35.11Z,2022-09-09
414799296,INEO ATLANTIQUE,ENGIE Solutions,True,ENGIE Solutions,52,43.21A,1997-12-08
409899127,INEO RHONE ALPES AUVERGNE,ENGIE Solutions,True,ENGIE Solutions,38,43.21A,1996-11-20
409899077,INEO NUCLEAIRE,ENGIE Solutions,True,ENGIE Solutions,27,43.21A,1996-11-20
552108797,INEO,ENGIE Solutions,True,ENGIE Solutions,110,43.21A,1900-01-01
409881083,INEO NORMANDIE,ENGIE Solutions,True,ENGIE Solutions,27,43.21A,1996-11-15
369501036,PROMAT SECURITE (PROMAT SECURITE),ENGIE Solutions,True,ENGIE Solutions,9,46.69B,1969-01-01
421357872,EQUANS SOLUTIONS MATERIELS,ENGIE Solutions,True,ENGIE Solutions,15,82.99Z,1998-12-16
100661107,EEC,ENGIE Solutions,True,ENGIE Solutions,1,35.13Z,1984-08-07
800547499,SOREN,ENGIE Solutions,True,ENGIE Solutions,3,38.11Z,2014-02-07
409868114,INEO INDUSTRIE & TERTIAIRE EST (INEO ITE),ENGIE Solutions,True,ENGIE Solutions,45,43.21A,1996-11-19
893591495,CSE ENGIE ENERGIE SERVICES IDF,ENGIE Solutions,True,ENGIE Energie Services,2,94.20Z,2018-12-20
924469125,COMITE SOCIAL ET ECONOMIQUE ENGIE ENERGIE SERVICES SUD EST,ENGIE Solutions,True,ENGIE Energie Services,1,94.20Z,2023-11-01
924469109,COMITE SOCIAL ET ECONOMIQUE ENGIE ENERGIE SERVICES NORD EST,ENGIE Solutions,True,ENGIE Energie Services,1,94.20Z,2023-11-01
750509143,COMITE SOCIAL ET ECONOMIQUE ENGIE ENERGIE SERVICES TERRITOIRE EST,ENGIE Solutions,True,ENGIE Energie Services,2,94.20Z,2011-09-01
552058158,SECCACIER INGENIERIE,ENGIE Solutions,True,ENGIE Energie Services,23,71.12B,1980-12-15
398393199,SETHELEC,ENGIE Solutions,True,ENGIE Energie Services,57,35.11Z,1994-09-23
342721073,CYLERGIE,ENGIE Solutions,True,ENGIE Energie Services,7,72.19Z,1987-01-10
423865476,PERIGORD ENERGIE,ENGIE Solutions,True,ENGIE Energie Services,3,35.11Z,1999-04-21
518633920,ENGIE MANAGEMENT COMPANY,ENGIE Solutions,True,ENGIE Energie Services,5,78.30Z,2010-01-01
410358162,COGELYO OUEST,ENGIE Solutions,True,ENGIE Energie Services,9,35.11Z,1996-12-19
529181679,SNC IMMOBOIS,ENGIE Solutions,True,ENGIE Energie Services,4,68.20B,2010-11-30
503430415,ARBOIS BIO ENERGIES,ENGIE Solutions,True,ENGIE Energie Services,4,35.11Z,2008-02-28
326913399,SOCIETE DE GEOTHERMIE DE SUCY EN BRIE (SOGESUB),ENGIE Solutions,True,ENGIE Energie Services,6,35.30Z,1983-03-24
503589459,BOURGES-BIO-ENERGIE SERVICES,ENGIE Solutions,True,ENGIE Energie Services,5,35.30Z,2008-05-01
480627199,CHOISY VITRY DISTRIBUTION,ENGIE Solutions,True,ENGIE Energie Services,3,35.30Z,2005-01-01
950974626,GEOMY3,ENGIE Solutions,True,ENGIE Energie Services,2,35.30Z,2023-03-06
844053660,HELYSEO,ENGIE Solutions,True,ENGIE Energie Services,1,38.21Z,2018-12-15
542097324,COMPAGNIE PARISIENNE DE CHAUFFAGE URBAIN (CPCU),ENGIE Solutions,True,ENGIE Energie Services,10,35.30Z,1954-01-01
824678387,AMIENS ENERGIES,ENGIE Solutions,True,ENGIE Energie Services,8,35.30Z,2017-01-01
504481938,SOCIETE BLESOISE DE DISTRIBUTION DE CHALEUR,ENGIE Solutions,True,ENGIE Energie Services,2,35.30Z,2008-07-01
878307974,VELIGEO,ENGIE Solutions,True,ENGIE Energie Services,2,35.30Z,2019-10-07
452249832,CHOISY VITRY ENERGIE(S.N.C.C.V.E.),ENGIE Solutions,True,ENGIE Energie Services,1,35.30Z,2004-02-11
572025526,VEOLIA EAU - COMPAGNIE GENERALE DES EAUX,Veolia,False,Veolia,1279,36.00Z,1957-01-01
315732842,VEOLIA AGRICULTURE FRANCE (VEOLIA AGRICULTURE F),Veolia,False,Veolia,93,38.21Z,1976-01-01
409887395,VEOLIA ENERGIE PERFORMANCE,Veolia,False,Veolia,22,35.30Z,1996-11-06
403210032,VEOLIA ENVIRONNEMENT (VE),Veolia,False,Veolia,22,82.99Z,1995-12-06
464202373,VEOLIA PROPRETE AQUITAINE,Veolia,False,Veolia,35,38.21Z,1964-01-01
572221034,VEOLIA PROPRETE (CGEA),Veolia,False,Veolia,79,38.32Z,1900-01-01
353385719,VEOLIA WATER STI,Veolia,False,Veolia,44,28.29B,1989-11-23
508867124,VEOLIA ENERGIE FRANCE,Veolia,False,Veolia,19,35.30Z,2008-11-04
380157875,VEOLIA PROPRETE MIDI PYRENEES,Veolia,False,Veolia,34,38.11Z,1990-11-12
745550111,VEOLIA RECYCLAGE VALORISATION HAUTS DE FRANCE,Veolia,False,Veolia,57,38.21Z,1955-01-01
608202727,VEOLIA PROPRETE ILE-DE-FRANCE,Veolia,False,Veolia,42,70.10Z,1960-01-01
528510712,VEOLIA RECYCLAGE VALORISATION NORMANDIE,Veolia,False,Veolia,11,38.32Z,2010-10-27
351735485,VEOLIA PROPRETE NORMANDIE,Veolia,False,Veolia,19,38.11Z,1989-08-08
559804422,VEOLIA PROPRETE LIMOUSIN (SVE),Veolia,False,Veolia,19,38.11Z,1900-01-01
434043618,VEOLIA PROPRETE POITOU-CHARENTES,Veolia,False,Veolia,7,38.11Z,2000-12-27
421345042,VEOLIA WATER,Veolia,False,Veolia,5,36.00Z,1998-12-18
505190405,VEOLIA AFRICA (NAM 2),Veolia,False,Veolia,4,36.00Z,2008-06-24
440234953,CAMPUS VEOLIA ENVIRONNEMENT,Veolia,False,Veolia,9,85.59A,2001-12-14
388131013,VEOLIA WTS FRANCE,Veolia,False,Veolia,13,46.75Z,1992-07-01
833453988,VEOLIA ENERGIE & DECARBONATION - INDUSTRIE (VED - I),Veolia,False,Veolia,6,35.30Z,2017-11-14
394239909,VEOLIA NUCLEAR TECHNOLOGIES FRANCE (VNT FRANCE),Veolia,False,Veolia,19,52.29B,1994-02-22
817493158,SOCIETE D'EXPLOITATION DES EAUX VEOLIA VENDEE,Veolia,False,Veolia,7,36.00Z,2015-12-28
433539566,VEOLIA ENERGIE INTERNATIONAL,Veolia,False,Veolia,4,70.10Z,2000-11-13
775734817,VEOLIA ASSAINISSEMENT & MAINTENANCE FRANCE,Veolia,False,Veolia,22,37.00Z,1954-01-01
